"Id","Path","Slice Name","Alias(s)","Label","Min","Max","Must Support?","Is Modifier?","Is Summary?","Type(s)","Short","Definition","Comments","Requirements","Default Value","Meaning When Missing","Fixed Value","Pattern","Example","Minimum Value","Maximum Value","Maximum Length","Binding Strength","Binding Description","Binding Value Set","Code","Slicing Discriminator","Slicing Description","Slicing Ordered","Slicing Rules","Base Path","Base Min","Base Max","Condition(s)","Constraint(s)","Mapping: HCIM PlannedCareActivityForTransfer-v1.2.1(2015EN)","Mapping: HCIM PlannedCareActivityForTransfer-v3.0(2016EN)","Mapping: HCIM PlannedCareActivityForTransfer-v3.1(2017EN)","Mapping: HCIM MedicalDevice-v1.2(2015EN)","Mapping: HCIM MedicalDevice-v3.0(2016EN)","Mapping: HCIM MedicalDevice-v3.1(2017EN)","Mapping: HCIM HealthProfessional-v1.2.1(2015EN)","Mapping: HCIM HealthProfessional-v3.0(2016EN)","Mapping: HCIM HealthProfessional-v3.2(2017EN)","Mapping: HCIM BasicElements-v1.0(2017EN)","Mapping: HL7 v2 Mapping","Mapping: RIM Mapping","Mapping: W5 Mapping","Mapping: Quality Improvement and Clinical Knowledge (QUICK)"
"DeviceRequest","DeviceRequest","","","",0,*,"","","","null {[]} {[]}
","Medical device request","Represents a request for a patient to employ a medical device. The device may be an implantable device, or an external assistive device, such as a walker.","","","","","","","","","",,,,,"",,,,"DeviceRequest",0,*,"","dom-2:If the resource is contained in another resource, it SHALL NOT contain nested Resources {contained.contained.empty()}
dom-1:If the resource is contained in another resource, it SHALL NOT contain any narrative {contained.text.empty()}dom-4:If a resource is contained in another resource, it SHALL NOT have a meta.versionId or a meta.lastUpdated {contained.meta.versionId.empty() and contained.meta.lastUpdated.empty()}dom-3:If the resource is contained in another resource, it SHALL be referred to from elsewhere in the resource {contained.where(('#'+id in %resource.descendants().reference).not()).empty()}","NL-CM:16.1.7","NL-CM:16.1.7","NL-CM:16.1.7","ORC","Entity. Role, or Act","Act[moodCode<=INT]","workflow.order"
"DeviceRequest.id","DeviceRequest.id","","","",0,1,"","","Y","id {[]} {[]}
","Logical id of this artifact","The logical id of the resource, as used in the URL for the resource. Once assigned, this value never changes.","The only time that a resource does not have an id is when it is being submitted to the server using a create operation.","","","","","","","","",,,,,"",,,,"Resource.id",0,1,"",""
"DeviceRequest.meta","DeviceRequest.meta","","","",0,1,"","","Y","Meta {[]} {[]}
","Metadata about the resource","The metadata about the resource. This is content that is maintained by the infrastructure. Changes to the content may not always be associated with version changes to the resource.","","","","","","","","","",,,,,"",,,,"Resource.meta",0,1,"",""
"DeviceRequest.implicitRules","DeviceRequest.implicitRules","","","",0,1,"","Y","Y","uri {[]} {[]}
","A set of rules under which this content was created","A reference to a set of rules that were followed when the resource was constructed, and which must be understood when processing the content.","Asserting this rule set restricts the content to be only understood by a limited set of trading partners. This inherently limits the usefulness of the data in the long term. However, the existing health eco-system is highly fractured, and not yet ready to define, collect, and exchange data in a generally computable sense. Wherever possible, implementers and/or specification writers should avoid using this element. 

This element is labelled as a modifier because the implicit rules may provide additional knowledge about the resource that modifies it's meaning or interpretation.","","","","","","","","",,,,,"",,,,"Resource.implicitRules",0,1,"",""
"DeviceRequest.language","DeviceRequest.language","","","",0,1,"","","","code {[]} {[]}
","Language of the resource content","The base language in which the resource is written.","Language is provided to support indexing and accessibility (typically, services such as text to speech use the language tag). The html language tag in the narrative applies  to the narrative. The language tag on the resource may be used to specify the language of other presentations generated from the data in the resource  Not all the content has to be in the base language. The Resource.language should not be assumed to apply to the narrative automatically. If a language is specified, it should it also be specified on the div element in the html (see rules in HTML5 for information about the relationship between xml:lang and the html lang attribute).","","","","","","","","",,"extensible","A human language.","http://hl7.org/fhir/ValueSet/languages","",,,,"Resource.language",0,1,"",""
"DeviceRequest.text","DeviceRequest.text","","narrative
htmlxhtmldisplay","",0,1,"","","","Narrative {[]} {[]}
","Text summary of the resource, for human interpretation","A human-readable narrative that contains a summary of the resource, and may be used to represent the content of the resource to a human. The narrative need not encode all the structured data, but is required to contain sufficient detail to make it ""clinically safe"" for a human to just read the narrative. Resource definitions may define what content should be represented in the narrative to ensure clinical safety.","Contained resources do not have narrative. Resources that are not contained SHOULD have a narrative. In some cases, a resource may only have text with little or no additional discrete data (as long as all minOccurs=1 elements are satisfied).  This may be necessary for data from legacy systems where information is captured as a ""text blob"" or where text is additionally entered raw or narrated and encoded in formation is added later.","","","","","","","","",,,,,"",,,,"DomainResource.text",0,1,"dom-1
","","Act.text?"
"DeviceRequest.contained","DeviceRequest.contained","","inline resources
anonymous resourcescontained resources","",0,*,"","","","Resource {[]} {[]}
","Contained, inline Resources","These resources do not have an independent existence apart from the resource that contains them - they cannot be identified independently, and nor can they have their own independent transaction scope.","This should never be done when the content can be identified properly, as once identification is lost, it is extremely difficult (and context dependent) to restore it again.","","","","","","","","",,,,,"",,,,"DomainResource.contained",0,*,"","","N/A"
"DeviceRequest.extension","DeviceRequest.extension","","extensions
user content","",0,*,"","","","Extension {[]} {[]}
","Additional Content defined by implementations","May be used to represent additional information that is not part of the basic definition of the resource. In order to make the use of extensions safe and manageable, there is a strict set of governance  applied to the definition and use of extensions. Though any implementer is allowed to define an extension, there is a set of requirements that SHALL be met as part of the definition of the extension.","There can be no stigma associated with the use of extensions by any application, project, or standard - regardless of the institution or jurisdiction that uses or defines the extensions.  The use of extensions is what allows the FHIR specification to retain a core level of simplicity for everyone.","","","","","","","","",,,,,"",,,,"DomainResource.extension",0,*,"","","N/A"
"DeviceRequest.modifierExtension","DeviceRequest.modifierExtension","","extensions
user content","",0,*,"","Y","","Extension {[]} {[]}
","Extensions that cannot be ignored","May be used to represent additional information that is not part of the basic definition of the resource, and that modifies the understanding of the element that contains it. Usually modifier elements provide negation or qualification. In order to make the use of extensions safe and manageable, there is a strict set of governance applied to the definition and use of extensions. Though any implementer is allowed to define an extension, there is a set of requirements that SHALL be met as part of the definition of the extension. Applications processing a resource are required to check for modifier extensions.","There can be no stigma associated with the use of extensions by any application, project, or standard - regardless of the institution or jurisdiction that uses or defines the extensions.  The use of extensions is what allows the FHIR specification to retain a core level of simplicity for everyone.","","","","","","","","",,,,,"",,,,"DomainResource.modifierExtension",0,*,"","","N/A"
"DeviceRequest.identifier","DeviceRequest.identifier","","","",0,*,"","","Y","Identifier {[]} {[]}
","External Request identifier","Identifiers assigned to this order by the orderer or by the receiver.","","","","","","","","","",,,,,"",,,,"DeviceRequest.identifier",0,*,"","","NL-CM:0.0.6","ORC.2, ORC.3",".identifier","id","ClinicalStatement.identifier"
"DeviceRequest.definition","DeviceRequest.definition","","","",0,*,"","","Y","Reference {[]} {[CanonicalType[http://hl7.org/fhir/StructureDefinition/ActivityDefinition], CanonicalType[http://hl7.org/fhir/StructureDefinition/PlanDefinition]]}
","Protocol or definition","Protocol or definition followed by this request. For example: The proposed act must be performed if the indicated conditions occur, e.g.., shortness of breath, SpO2 less than x%.","","","","","","","","","",,,,,"",,,,"DeviceRequest.definition",0,*,"","","Varies by domain",".outboundRelationship[typeCode=DEFN].target"
"DeviceRequest.basedOn","DeviceRequest.basedOn","","","",0,*,"","","Y","Reference {[]} {[CanonicalType[http://hl7.org/fhir/StructureDefinition/Resource]]}
","What request fulfills","Plan/proposal/order fulfilled by this request.","","","","","","","","","",,,,,"",,,,"DeviceRequest.basedOn",0,*,"","","ORC.8 (plus others)",".outboundRelationship[typeCode=FLFS].target","Proposal.prnReason.reason"
"DeviceRequest.priorRequest","DeviceRequest.priorRequest","","","",0,*,"","","Y","Reference {[]} {[CanonicalType[http://hl7.org/fhir/StructureDefinition/Resource]]}
","What request replaces","The request takes the place of the referenced completed or terminated request(s).","","","","","","","","","",,,,,"",,,,"DeviceRequest.priorRequest",0,*,"","","Handled by message location of ORC (ORC.1=RO or RU)",".outboundRelationship[typeCode=RPLC].target"
"DeviceRequest.groupIdentifier","DeviceRequest.groupIdentifier","","","",0,1,"","","Y","Identifier {[]} {[]}
","Identifier of composite request","Composite request this is part of.","","","","","","","","","",,,,,"",,,,"DeviceRequest.groupIdentifier",0,1,"","","ORC.4",".inboundRelationship(typeCode=COMP].source[moodCode=INT].identifier"
"DeviceRequest.status","DeviceRequest.status","","","",0,1,"","Y","Y","code {[]} {[]}
","draft | active | suspended | completed | entered-in-error | cancelled","The status of the request.","This element is labeled as a modifier because the status contains the codes cancelled and entered-in-error that mark the request as not currently valid.","","","","","","","","",,"required","Codes representing the status of the request.","http://hl7.org/fhir/ValueSet/request-status","",,,,"DeviceRequest.status",0,1,"","","ORC.5",".status","status","Action.currentStatus"
"DeviceRequest.status.id","DeviceRequest.status.id","","","",0,1,"","","","string {[]} {[]}
","xml:id (or equivalent in JSON)","unique id for the element within a resource (for internal references)","","","","","","","","","",,,,,"",,,,"Element.id",0,1,"",""
"DeviceRequest.status.extension","DeviceRequest.status.extension","","","",0,*,"","","","Extension {[]} {[]}
","Extension","An Extension","","","","","","","","","",,,,,"","value:url}
","",,"open","Element.extension",0,*,"",""
"DeviceRequest.status.extension:orderStatus","DeviceRequest.status.extension","orderStatus","Bevat de specifieke code conform de zib, bij een FHIR-element die een verplichte koppeling heeft met een bepaalde FHIR waardelijst of een FHIR element die niet gecodeerd is gedefinieerd, terwijl de zib dit wel doet.
OrderStatus","",0,1,"","","","Extension {[CanonicalType[http://nictiz.nl/fhir/StructureDefinition/code-specification]]} {[]}
","OrderStatus","The status of the order.","","","","","","","","","",,,,,"",,,,"Element.extension",0,*,"ele-1
","ele-1:All FHIR elements must have a @value or children {hasValue() | (children().count() > id.count())}
ext-1:Must have either extensions or value[x], not both {extension.exists() != value.exists()}","NL-CM:16.1.9","NL-CM:16.1.9","NL-CM:16.1.9"
"DeviceRequest.status.extension:orderStatus.id","DeviceRequest.status.extension.id","","","",0,1,"","","","string {[]} {[]}
","xml:id (or equivalent in JSON)","unique id for the element within a resource (for internal references). This may be any string value that does not contain spaces.","","","","","","","","","",,,,,"",,,,"Element.id",0,1,"","","n/a"
"DeviceRequest.status.extension:orderStatus.extension","DeviceRequest.status.extension.extension","","extensions
user content","",0,*,"","","","Extension {[]} {[]}
","Additional Content defined by implementations","May be used to represent additional information that is not part of the basic definition of the element. In order to make the use of extensions safe and manageable, there is a strict set of governance  applied to the definition and use of extensions. Though any implementer is allowed to define an extension, there is a set of requirements that SHALL be met as part of the definition of the extension.","There can be no stigma associated with the use of extensions by any application, project, or standard - regardless of the institution or jurisdiction that uses or defines the extensions.  The use of extensions is what allows the FHIR specification to retain a core level of simplicity for everyone.","","","","","","","","",,,,,"","value:url}
","Extensions are always sliced by (at least) url",,"open","Element.extension",0,*,"","","n/a"
"DeviceRequest.status.extension:orderStatus.url","DeviceRequest.status.extension.url","","","",1,1,"","","","uri {[]} {[]}
","identifies the meaning of the extension","Source of the definition for the extension code - a logical name or a URL.","The definition may point directly to a computable or human-readable definition of the extensibility codes, or it may be a logical URI as declared in some other specification. The definition SHALL be a URI for the Structure Definition defining the extension.","","","","<valueUri xmlns=""http://hl7.org/fhir"" value=""http://nictiz.nl/fhir/StructureDefinition/code-specification""/>","","","","",,,,,"",,,,"Extension.url",1,1,"","","N/A"
"DeviceRequest.status.extension:orderStatus.value[x]","DeviceRequest.status.extension.value[x]","","","",1,1,"","","","CodeableConcept {[]} {[]}
","Value of extension","Value of extension - may be a resource or one of a constrained set of the data types (see Extensibility in the spec for list).","","","","","","","","","",,,,,"","type:$this}
","",,"closed","Extension.value[x]",0,1,"","","N/A"
"DeviceRequest.status.extension:orderStatus.value[x]:valueCodeableConcept","DeviceRequest.status.extension.value[x]","valueCodeableConcept","","",1,1,"","","","CodeableConcept {[]} {[]}
","Value of extension","Value of extension - may be a resource or one of a constrained set of the data types (see Extensibility in the spec for list).","","","","","","","","","",,"extensible","The status of the order.","http://decor.nictiz.nl/fhir/ValueSet/2.16.840.1.113883.2.4.3.11.60.40.2.16.1.2--20171231000000","",,,,"Extension.value[x]",0,1,"","","N/A"
"DeviceRequest.status.value","DeviceRequest.status.value","","","",0,1,"","","","code {[]} {[]}
","Primitive value for code","Primitive value for code","","","","","","","","","",,,,,"",,,,"string.value",0,1,"",""
"DeviceRequest.intent","DeviceRequest.intent","","","",1,1,"","Y","Y","CodeableConcept {[]} {[]}
","proposal | plan | original-order | encoded | reflex-order","Whether the request is a proposal, plan, an original order or a reflex order.","","","","","","","","","",,"required","The kind of diagnostic request","http://hl7.org/fhir/ValueSet/request-intent","",,,,"DeviceRequest.intent",1,1,"","","N/A",".moodCode (nuances beyond PRP/PLAN/RQO would need to be elsewhere)","class"
"DeviceRequest.priority","DeviceRequest.priority","","","",0,1,"","","Y","code {[]} {[]}
","Indicates how quickly the {{title}} should be addressed with respect to other requests","Indicates how quickly the {{title}} should be addressed with respect to other requests.","","","<valueCode xmlns=""http://hl7.org/fhir"" value=""If missing, normal priority""/>","","","","","","",,"required","Identifies the level of importance to be assigned to actioning the request","http://hl7.org/fhir/ValueSet/request-priority","",,,,"DeviceRequest.priority",0,1,"","","TQ1.9",".priorityCode","grade"
"DeviceRequest.code[x]","DeviceRequest.code[x]","","ProductType
","",1,1,"","","Y","Reference {[]} {[CanonicalType[http://nictiz.nl/fhir/StructureDefinition/zib-MedicalDeviceProduct]]}
CodeableConcept {[]} {[]}","ProductType","The code of the type of product.","","","","","","","","","",,"extensible","ProductTypeCodelist","http://decor.nictiz.nl/fhir/ValueSet/2.16.840.1.113883.2.4.3.11.60.40.2.10.1.1--20171231000000","",,,,"DeviceRequest.code[x]",1,1,"","","NL-CM:10.1.3","NL-CM:10.1.3","NL-CM:10.1.3","Varies by domain",".code","what","DeviceUse.device"
"DeviceRequest.subject","DeviceRequest.subject","","","",1,1,"","","Y","Reference {[]} {[CanonicalType[http://fhir.nl/fhir/StructureDefinition/nl-core-patient], CanonicalType[http://hl7.org/fhir/StructureDefinition/Group], CanonicalType[http://fhir.nl/fhir/StructureDefinition/nl-core-location], CanonicalType[http://nictiz.nl/fhir/StructureDefinition/zib-MedicalDeviceProduct]]}
","Focus of request","The patient who will use the device.","","","","","","","","","",,,,,"",,,,"DeviceRequest.subject",1,1,"","","NL-CM:0.0.11","Accompanying PID segment",".participation[typeCode=SBJ].role","who.focus","ClinicalStatement.subject"
"DeviceRequest.context","DeviceRequest.context","","","",0,1,"","","Y","Reference {[]} {[CanonicalType[http://nictiz.nl/fhir/StructureDefinition/zib-Encounter], CanonicalType[http://fhir.nl/fhir/StructureDefinition/nl-core-episodeofcare]]}
","Encounter or Episode motivating request","An encounter that provides additional context in which this request is made.","","","","","","","","","",,,,,"",,,,"DeviceRequest.context",0,1,"","","Accompanying PV1",".inboundRelationship(typeCode=COMP].source[classCode<=PCPR, moodCode=EVN]","context","ClinicalStatement.encounter"
"DeviceRequest.occurrence[x]","DeviceRequest.occurrence[x]","","","",0,1,"","","Y","dateTime {[]} {[]}
Period {[]} {[]}Timing {[]} {[]}","Desired time or schedule for use","The timing schedule for the use of the device. The Schedule data type allows many different expressions, for example. ""Every 8 hours""; ""Three times a day""; ""1/2 an hour before breakfast for 10 days from 23-Dec 2011:""; ""15 Oct 2013, 17 Oct 2013 and 1 Nov 2013"".","","","","","","","","","",,,,,"","type:$this}
","",,"closed","DeviceRequest.occurrence[x]",0,1,"","","NL-CM:0.0.14","Accompanying TQ1/TQ2 segments",".effectiveTime","when.planned","DeviceUse.applicationSchedule"
"DeviceRequest.occurrence[x]:occurrencePeriod","DeviceRequest.occurrence[x]","occurrencePeriod","","",0,1,"","","Y","Period {[]} {[]}
","Desired time or schedule for use","The timing schedule for the use of the device. The Schedule data type allows many different expressions, for example. ""Every 8 hours""; ""Three times a day""; ""1/2 an hour before breakfast for 10 days from 23-Dec 2011:""; ""15 Oct 2013, 17 Oct 2013 and 1 Nov 2013"".","","","","","","","","","",,,,,"",,,,"DeviceRequest.occurrence[x]",0,1,"","","Accompanying TQ1/TQ2 segments",".effectiveTime","when.planned","DeviceUse.applicationSchedule"
"DeviceRequest.occurrence[x]:occurrencePeriod.id","DeviceRequest.occurrence[x].id","","","",0,1,"","","","string {[]} {[]}
","xml:id (or equivalent in JSON)","unique id for the element within a resource (for internal references). This may be any string value that does not contain spaces.","","","","","","","","","",,,,,"",,,,"Element.id",0,1,"","","n/a"
"DeviceRequest.occurrence[x]:occurrencePeriod.extension","DeviceRequest.occurrence[x].extension","","extensions
user content","",0,*,"","","","Extension {[]} {[]}
","Additional Content defined by implementations","May be used to represent additional information that is not part of the basic definition of the element. In order to make the use of extensions safe and manageable, there is a strict set of governance  applied to the definition and use of extensions. Though any implementer is allowed to define an extension, there is a set of requirements that SHALL be met as part of the definition of the extension.","There can be no stigma associated with the use of extensions by any application, project, or standard - regardless of the institution or jurisdiction that uses or defines the extensions.  The use of extensions is what allows the FHIR specification to retain a core level of simplicity for everyone.","","","","","","","","",,,,,"","value:url}
","Extensions are always sliced by (at least) url",,"open","Element.extension",0,*,"","","n/a"
"DeviceRequest.occurrence[x]:occurrencePeriod.start","DeviceRequest.occurrence[x].start","","BeginDatum
","",0,1,"","","Y","dateTime {[]} {[]}
","StartDate","Planned or requested date. Clinical reminders can be used to indicate from when the procedure can take place. A vague date (such as only the month and year) is permitted.","If the low element is missing, the meaning is that the low boundary is not known.","","","","","","","","",,,,,"",,,,"Period.start",0,1,"per-1
","","NL-CM:16.1.10","NL-CM:16.1.10","NL-CM:16.1.10","DR.1","./low"
"DeviceRequest.occurrence[x]:occurrencePeriod.end","DeviceRequest.occurrence[x].end","","EindDatum
","",0,1,"","","Y","dateTime {[]} {[]}
","EndDate","The planned end date of the procedure can be included as well if needed. Depending on the type of procedure, this can also be used to indicate before which time it has to have been completed.","The high value includes any matching date/time. i.e. 2012-02-03T10:00:00 is in a period that has a end value of 2012-02-03.","","","If the end of the period is missing, it means that the period is ongoing","","","","","",,,,,"",,,,"Period.end",0,1,"per-1
","","NL-CM:16.1.11","NL-CM:16.1.11","NL-CM:16.1.11","DR.2","./high"
"DeviceRequest.occurrence[x]:occurrenceDateTime","DeviceRequest.occurrence[x]","occurrenceDateTime","","",0,1,"","","Y","dateTime {[]} {[]}
","Desired time or schedule for use","The timing schedule for the use of the device. The Schedule data type allows many different expressions, for example. ""Every 8 hours""; ""Three times a day""; ""1/2 an hour before breakfast for 10 days from 23-Dec 2011:""; ""15 Oct 2013, 17 Oct 2013 and 1 Nov 2013"".","","","","","","","","","",,,,,"",,,,"DeviceRequest.occurrence[x]",0,1,"","","Accompanying TQ1/TQ2 segments",".effectiveTime","when.planned","DeviceUse.applicationSchedule"
"DeviceRequest.occurrence[x]:occurrenceTiming","DeviceRequest.occurrence[x]","occurrenceTiming","","",0,1,"","","Y","Timing {[]} {[]}
","Desired time or schedule for use","The timing schedule for the use of the device. The Schedule data type allows many different expressions, for example. ""Every 8 hours""; ""Three times a day""; ""1/2 an hour before breakfast for 10 days from 23-Dec 2011:""; ""15 Oct 2013, 17 Oct 2013 and 1 Nov 2013"".","","","","","","","","","",,,,,"",,,,"DeviceRequest.occurrence[x]",0,1,"","","Accompanying TQ1/TQ2 segments",".effectiveTime","when.planned","DeviceUse.applicationSchedule"
"DeviceRequest.authoredOn","DeviceRequest.authoredOn","","","",0,1,"","","Y","dateTime {[]} {[]}
","When recorded","When the request transitioned to being actionable.","","","","","","","","","",,,,,"",,,,"DeviceRequest.authoredOn",0,1,"","","ORC.9",".participation[typeCode=AUT].time","when.recorded","ClinicalStatement.statementDateTime"
"DeviceRequest.requester","DeviceRequest.requester","","","",0,1,"","","Y","BackboneElement {[]} {[]}
","Who/what is requesting diagnostics","The individual who initiated the request and has responsibility for its activation.","","","","","","","","","",,,,,"",,,,"DeviceRequest.requester",0,1,"","ele-1:All FHIR elements must have a @value or children {hasValue() | (children().count() > id.count())}
","NL-CM:0.0.7","ORC.12",".participation[typeCode=AUT].role"
"DeviceRequest.requester.id","DeviceRequest.requester.id","","","",0,1,"","","","string {[]} {[]}
","xml:id (or equivalent in JSON)","unique id for the element within a resource (for internal references). This may be any string value that does not contain spaces.","","","","","","","","","",,,,,"",,,,"Element.id",0,1,"","","n/a"
"DeviceRequest.requester.extension","DeviceRequest.requester.extension","","extensions
user content","",0,*,"","","","Extension {[]} {[]}
","Additional Content defined by implementations","May be used to represent additional information that is not part of the basic definition of the element. In order to make the use of extensions safe and manageable, there is a strict set of governance  applied to the definition and use of extensions. Though any implementer is allowed to define an extension, there is a set of requirements that SHALL be met as part of the definition of the extension.","There can be no stigma associated with the use of extensions by any application, project, or standard - regardless of the institution or jurisdiction that uses or defines the extensions.  The use of extensions is what allows the FHIR specification to retain a core level of simplicity for everyone.","","","","","","","","",,,,,"",,,,"Element.extension",0,*,"","","n/a"
"DeviceRequest.requester.modifierExtension","DeviceRequest.requester.modifierExtension","","extensions
user contentmodifiers","",0,*,"","Y","Y","Extension {[]} {[]}
","Extensions that cannot be ignored","May be used to represent additional information that is not part of the basic definition of the element, and that modifies the understanding of the element that contains it. Usually modifier elements provide negation or qualification. In order to make the use of extensions safe and manageable, there is a strict set of governance applied to the definition and use of extensions. Though any implementer is allowed to define an extension, there is a set of requirements that SHALL be met as part of the definition of the extension. Applications processing a resource are required to check for modifier extensions.","There can be no stigma associated with the use of extensions by any application, project, or standard - regardless of the institution or jurisdiction that uses or defines the extensions.  The use of extensions is what allows the FHIR specification to retain a core level of simplicity for everyone.","","","","","","","","",,,,,"",,,,"BackboneElement.modifierExtension",0,*,"","","N/A"
"DeviceRequest.requester.agent","DeviceRequest.requester.agent","","","",1,1,"","","Y","Reference {[]} {[CanonicalType[http://nictiz.nl/fhir/StructureDefinition/zib-MedicalDeviceProduct], CanonicalType[http://fhir.nl/fhir/StructureDefinition/nl-core-practitioner], CanonicalType[http://fhir.nl/fhir/StructureDefinition/nl-core-organization]]}
","Individual making the request","The device, practitioner, etc. who initiated the request.","","","","","","","","","",,,,,"",,,,"DeviceRequest.requester.agent",1,1,"","","ORC.12",".player","who.author"
"DeviceRequest.requester.agent.id","DeviceRequest.requester.agent.id","","","",0,1,"","","","string {[]} {[]}
","xml:id (or equivalent in JSON)","unique id for the element within a resource (for internal references). This may be any string value that does not contain spaces.","","","","","","","","","",,,,,"",,,,"Element.id",0,1,"","","n/a"
"DeviceRequest.requester.agent.extension","DeviceRequest.requester.agent.extension","","","",0,*,"","","","Extension {[]} {[]}
","Extension","An Extension","","","","","","","","","",,,,,"","value:url}
","Extensions are always sliced by (at least) url",,"open","Element.extension",0,*,"",""
"DeviceRequest.requester.agent.extension:practitionerRole","DeviceRequest.requester.agent.extension","practitionerRole","","",0,1,"","","","Extension {[CanonicalType[http://nictiz.nl/fhir/StructureDefinition/practitionerrole-reference]]} {[]}
","Optional Extensions Element","Optional Extension Element - found in all resources.","","","","","","","","","",,,,,"",,,,"Element.extension",0,*,"","","n/a","N/A"
"DeviceRequest.requester.agent.reference","DeviceRequest.requester.agent.reference","","","",0,1,"","","Y","string {[]} {[]}
","Literal reference, Relative, internal or absolute URL","A reference to a location at which the other resource is found. The reference may be a relative reference, in which case it is relative to the service base URL, or an absolute URL that resolves to the location where the resource is found. The reference may be version specific or not. If the reference is not to a FHIR RESTful server, then it should be assumed to be version specific. Internal fragment references (start with '#') refer to contained resources.","Using absolute URLs provides a stable scalable approach suitable for a cloud/web context, while using relative/logical references provides a flexible approach suitable for use when trading across closed eco-system boundaries.   Absolute URLs do not need to point to a FHIR RESTful server, though this is the preferred approach. If the URL conforms to the structure ""/[type]/[id]"" then it should be assumed that the reference is to a FHIR RESTful server.","","","","","","","","",,,,,"",,,,"Reference.reference",0,1,"ref-1
","","N/A"
"DeviceRequest.requester.agent.identifier","DeviceRequest.requester.agent.identifier","","","",0,1,"","","Y","Identifier {[]} {[]}
","Logical reference, when literal reference is not known","An identifier for the other resource. This is used when there is no way to reference the other resource directly, either because the entity is not available through a FHIR server, or because there is no way for the author of the resource to convert a known identifier to an actual location. There is no requirement that a Reference.identifier point to something that is actually exposed as a FHIR instance, but it SHALL point to a business concept that would be expected to be exposed as a FHIR instance, and that instance would need to be of a FHIR resource type allowed by the reference.","When an identifier is provided in place of a reference, any system processing the reference will only be able to resolve the identifier to a reference if it understands the business context in which the identifier is used. Sometimes this is global (e.g. a national identifier) but often it is not. For this reason, none of the useful mechanisms described for working with references (e.g. chaining, includes) are possible, nor should servers be expected to be able resolve the reference. Servers may accept an identifier based reference untouched, resolve it, and/or reject it - see CapabilityStatement.rest.resource.referencePolicy. 

When both an identifier and a literal reference are provided, the literal reference is preferred. Applications processing the resource are allowed - but not required - to check that the identifier matches the literal reference

Applications converting a logical reference to a literal reference may choose to leave the logical reference present, or remove it.","","","","","","","","",,,,,"",,,,"Reference.identifier",0,1,"","",".identifier"
"DeviceRequest.requester.agent.display","DeviceRequest.requester.agent.display","","","",0,1,"","","Y","string {[]} {[]}
","Text alternative for the resource","Plain text narrative that identifies the resource in addition to the resource reference.","This is generally not the same as the Resource.text of the referenced resource.  The purpose is to identify what's being referenced, not to fully describe it.","","","","","","","","",,,,,"",,,,"Reference.display",0,1,"","","N/A"
"DeviceRequest.requester.onBehalfOf","DeviceRequest.requester.onBehalfOf","","","",0,1,"","","Y","Reference {[]} {[CanonicalType[http://fhir.nl/fhir/StructureDefinition/nl-core-organization]]}
","Organization agent is acting for","The organization the device or practitioner was acting on behalf of.","","Practitioners and Devices can be associated with multiple organizations.  This element indicates which organization they were acting on behalf of when authoring the request.","","","","","","","",,,,,"",,,,"DeviceRequest.requester.onBehalfOf",0,1,"","","N/A",".scoper"
"DeviceRequest.performerType","DeviceRequest.performerType","","","",0,1,"","","Y","CodeableConcept {[]} {[]}
","Fille role","Desired type of performer for doing the diagnostic testing.","","","","","","","","","",,"example","Indicates specific responsibility of an individual within the care team, such as ""Primary physician"", ""Team coordinator"", ""Caregiver"", etc.","http://hl7.org/fhir/ValueSet/participant-role","",,,,"DeviceRequest.performerType",0,1,"","","PRT",".participation[typeCode=PRF].role[scoper.determinerCode=KIND].code","who.actor"
"DeviceRequest.performerType.id","DeviceRequest.performerType.id","","","",0,1,"","","","string {[]} {[]}
","xml:id (or equivalent in JSON)","unique id for the element within a resource (for internal references). This may be any string value that does not contain spaces.","","","","","","","","","",,,,,"",,,,"Element.id",0,1,"","","n/a"
"DeviceRequest.performerType.extension","DeviceRequest.performerType.extension","","extensions
user content","",0,*,"","","","Extension {[]} {[]}
","Additional Content defined by implementations","May be used to represent additional information that is not part of the basic definition of the element. In order to make the use of extensions safe and manageable, there is a strict set of governance  applied to the definition and use of extensions. Though any implementer is allowed to define an extension, there is a set of requirements that SHALL be met as part of the definition of the extension.","There can be no stigma associated with the use of extensions by any application, project, or standard - regardless of the institution or jurisdiction that uses or defines the extensions.  The use of extensions is what allows the FHIR specification to retain a core level of simplicity for everyone.","","","","","","","","",,,,,"","value:url}
","Extensions are always sliced by (at least) url",,"open","Element.extension",0,*,"","","n/a"
"DeviceRequest.performerType.coding","DeviceRequest.performerType.coding","","","",0,*,"","","Y","Coding {[]} {[]}
","Code defined by a terminology system","A reference to a code defined by a terminology system.","Codes may be defined very casually in enumerations, or code lists, up to very formal definitions such as SNOMED CT - see the HL7 v3 Core Principles for more information.  Ordering of codings is undefined and SHALL NOT be used to infer meaning. Generally, at most only one of the coding values will be labeled as UserSelected = true.","Allows for translations and alternate encodings within a code system.  Also supports communication of the same instance to systems requiring different encodings.","","","","","","","",,,,,"","value:system}
","",,"open","CodeableConcept.coding",0,*,"","","C*E.1-8, C*E.10-22","union(., ./translation)"
"DeviceRequest.performerType.coding:healthProfessionalRole","DeviceRequest.performerType.coding","healthProfessionalRole","ZorgverlenerRol
","",0,*,"","","Y","Coding {[]} {[]}
","HealthProfessionalRole","The role the healthcare provider fulfils in the healthcare process. For healthcare providers, this could be for example main practitioner, referrer or general practitioner.","Codes may be defined very casually in enumerations, or code lists, up to very formal definitions such as SNOMED CT - see the HL7 v3 Core Principles for more information.  Ordering of codings is undefined and SHALL NOT be used to infer meaning. Generally, at most only one of the coding values will be labeled as UserSelected = true.","Allows for translations and alternate encodings within a code system.  Also supports communication of the same instance to systems requiring different encodings.","","","","","","","",,"extensible","","http://decor.nictiz.nl/fhir/ValueSet/2.16.840.1.113883.2.4.3.11.60.40.2.17.1.5--20171231000000","",,,,"CodeableConcept.coding",0,*,"","","NL-CM:17.1.5","NL-CM:17.1.5","NL-CM:17.1.5","C*E.1-8, C*E.10-22","union(., ./translation)"
"DeviceRequest.performerType.text","DeviceRequest.performerType.text","","","",0,1,"","","Y","string {[]} {[]}
","Plain text representation of the concept","A human language representation of the concept as seen/selected/uttered by the user who entered the data and/or which represents the intended meaning of the user.","Very often the text is the same as a displayName of one of the codings.","The codes from the terminologies do not always capture the correct meaning with all the nuances of the human using them, or sometimes there is no appropriate code at all. In these cases, the text is used to capture the full meaning of the source.","","","","","","","",,,,,"",,,,"CodeableConcept.text",0,1,"","","C*E.9. But note many systems use C*E.2 for this","./originalText[mediaType/code=""text/plain""]/data"
"DeviceRequest.performer","DeviceRequest.performer","","","",0,1,"","","Y","Reference {[]} {[CanonicalType[http://fhir.nl/fhir/StructureDefinition/nl-core-practitioner], CanonicalType[http://fhir.nl/fhir/StructureDefinition/nl-core-organization], CanonicalType[http://fhir.nl/fhir/StructureDefinition/nl-core-patient], CanonicalType[http://nictiz.nl/fhir/StructureDefinition/zib-MedicalDeviceProduct], CanonicalType[http://fhir.nl/fhir/StructureDefinition/nl-core-relatedperson], CanonicalType[http://fhir.nl/fhir/StructureDefinition/nl-core-healthcareservice]]}
","Requested Filler","The desired perfomer for doing the diagnostic testing.","","","","","","","","","",,,,,"",,,,"DeviceRequest.performer",0,1,"","","PRT",".participation[typeCode=PRF].role[scoper.determinerCode=INSTANCE]","who.actor"
"DeviceRequest.performer.id","DeviceRequest.performer.id","","","",0,1,"","","","string {[]} {[]}
","xml:id (or equivalent in JSON)","unique id for the element within a resource (for internal references). This may be any string value that does not contain spaces.","","","","","","","","","",,,,,"",,,,"Element.id",0,1,"","","n/a"
"DeviceRequest.performer.extension","DeviceRequest.performer.extension","","","",0,*,"","","","Extension {[]} {[]}
","Extension","An Extension","","","","","","","","","",,,,,"","value:url}
","Extensions are always sliced by (at least) url",,"open","Element.extension",0,*,"",""
"DeviceRequest.performer.extension:practitionerRole","DeviceRequest.performer.extension","practitionerRole","","",0,1,"","","","Extension {[CanonicalType[http://nictiz.nl/fhir/StructureDefinition/practitionerrole-reference]]} {[]}
","Optional Extensions Element","Optional Extension Element - found in all resources.","","","","","","","","","",,,,,"",,,,"Element.extension",0,*,"","","n/a","N/A"
"DeviceRequest.performer.reference","DeviceRequest.performer.reference","","","",0,1,"","","Y","string {[]} {[]}
","Literal reference, Relative, internal or absolute URL","A reference to a location at which the other resource is found. The reference may be a relative reference, in which case it is relative to the service base URL, or an absolute URL that resolves to the location where the resource is found. The reference may be version specific or not. If the reference is not to a FHIR RESTful server, then it should be assumed to be version specific. Internal fragment references (start with '#') refer to contained resources.","Using absolute URLs provides a stable scalable approach suitable for a cloud/web context, while using relative/logical references provides a flexible approach suitable for use when trading across closed eco-system boundaries.   Absolute URLs do not need to point to a FHIR RESTful server, though this is the preferred approach. If the URL conforms to the structure ""/[type]/[id]"" then it should be assumed that the reference is to a FHIR RESTful server.","","","","","","","","",,,,,"",,,,"Reference.reference",0,1,"ref-1
","","N/A"
"DeviceRequest.performer.identifier","DeviceRequest.performer.identifier","","","",0,1,"","","Y","Identifier {[]} {[]}
","Logical reference, when literal reference is not known","An identifier for the other resource. This is used when there is no way to reference the other resource directly, either because the entity is not available through a FHIR server, or because there is no way for the author of the resource to convert a known identifier to an actual location. There is no requirement that a Reference.identifier point to something that is actually exposed as a FHIR instance, but it SHALL point to a business concept that would be expected to be exposed as a FHIR instance, and that instance would need to be of a FHIR resource type allowed by the reference.","When an identifier is provided in place of a reference, any system processing the reference will only be able to resolve the identifier to a reference if it understands the business context in which the identifier is used. Sometimes this is global (e.g. a national identifier) but often it is not. For this reason, none of the useful mechanisms described for working with references (e.g. chaining, includes) are possible, nor should servers be expected to be able resolve the reference. Servers may accept an identifier based reference untouched, resolve it, and/or reject it - see CapabilityStatement.rest.resource.referencePolicy. 

When both an identifier and a literal reference are provided, the literal reference is preferred. Applications processing the resource are allowed - but not required - to check that the identifier matches the literal reference

Applications converting a logical reference to a literal reference may choose to leave the logical reference present, or remove it.","","","","","","","","",,,,,"",,,,"Reference.identifier",0,1,"","",".identifier"
"DeviceRequest.performer.display","DeviceRequest.performer.display","","","",0,1,"","","Y","string {[]} {[]}
","Text alternative for the resource","Plain text narrative that identifies the resource in addition to the resource reference.","This is generally not the same as the Resource.text of the referenced resource.  The purpose is to identify what's being referenced, not to fully describe it.","","","","","","","","",,,,,"",,,,"Reference.display",0,1,"","","N/A"
"DeviceRequest.reasonCode","DeviceRequest.reasonCode","","","",0,*,"","","Y","CodeableConcept {[]} {[]}
","Coded Reason for request","Reason or justification for the use of this device.","","","","","","","","","",,"example","Diagnosis or problem codes justifying the reason for requesting the device.","http://hl7.org/fhir/ValueSet/condition-code","",,,,"DeviceRequest.reasonCode",0,*,"","","ORC.16",".reasonCode","why","Action.indication.reason"
"DeviceRequest.reasonReference","DeviceRequest.reasonReference","","","",0,*,"","","Y","Reference {[]} {[CanonicalType[http://hl7.org/fhir/StructureDefinition/Resource]]}
","Linked Reason for request","Reason or justification for the use of this device.","","","","","","","","","",,,,,"",,,,"DeviceRequest.reasonReference",0,*,"","","ORC.16",".outboundRelationship[typeCode=RSON].target","why"
"DeviceRequest.supportingInfo","DeviceRequest.supportingInfo","","","",0,*,"","","","Reference {[]} {[CanonicalType[http://hl7.org/fhir/StructureDefinition/Resource]]}
","Additional clinical information","Additional clinical information about the patient that may influence the request fulfilment.  For example, this may includes body where on the subject's the device will be used ( i.e. the target site).","","Knowing where the device is targeted is important for tracking if multiple sites are possible.","","","","","","","",,,,,"",,,,"DeviceRequest.supportingInfo",0,*,"","","Accompanying segments",".outboundRelationship[typeCode=PERT].target"
"DeviceRequest.note","DeviceRequest.note","","","",0,*,"","","","Annotation {[]} {[]}
","Notes or comments","Details about this request that were not represented at all or sufficiently in one of the attributes provided in a class. These may include for example a comment, an instruction, or a note associated with the statement.","","","","","","","","","",,,,,"",,,,"DeviceRequest.note",0,*,"","","NTE",".inboundRelationship(typeCode=SUBJ].source[classCode=ANNGEN, moodCode=EVN].value[xsi:type=ST]","ClinicalStatement.additionalText"
"DeviceRequest.note.id","DeviceRequest.note.id","","","",0,1,"","","","string {[]} {[]}
","xml:id (or equivalent in JSON)","unique id for the element within a resource (for internal references). This may be any string value that does not contain spaces.","","","","","","","","","",,,,,"",,,,"Element.id",0,1,"","","n/a"
"DeviceRequest.note.extension","DeviceRequest.note.extension","","extensions
user content","",0,*,"","","","Extension {[]} {[]}
","Additional Content defined by implementations","May be used to represent additional information that is not part of the basic definition of the element. In order to make the use of extensions safe and manageable, there is a strict set of governance  applied to the definition and use of extensions. Though any implementer is allowed to define an extension, there is a set of requirements that SHALL be met as part of the definition of the extension.","There can be no stigma associated with the use of extensions by any application, project, or standard - regardless of the institution or jurisdiction that uses or defines the extensions.  The use of extensions is what allows the FHIR specification to retain a core level of simplicity for everyone.","","","","","","","","",,,,,"","value:url}
","Extensions are always sliced by (at least) url",,"open","Element.extension",0,*,"","","n/a"
"DeviceRequest.note.author[x]","DeviceRequest.note.author[x]","","","",0,1,"","","Y","Reference {[]} {[CanonicalType[http://fhir.nl/fhir/StructureDefinition/nl-core-practitioner], CanonicalType[http://fhir.nl/fhir/StructureDefinition/nl-core-patient], CanonicalType[http://fhir.nl/fhir/StructureDefinition/nl-core-relatedperson]]}
string {[]} {[]}","Individual responsible for the annotation","The individual responsible for making the annotation.","","","","","","","","","",,,,,"","type:$this}
","",,"closed","Annotation.author[x]",0,1,"","","N/A","Act.participant[typeCode=AUT].role"
"DeviceRequest.note.author[x]:authorReference","DeviceRequest.note.author[x]","authorReference","","",0,1,"","","Y","Reference {[]} {[CanonicalType[http://hl7.org/fhir/StructureDefinition/Practitioner], CanonicalType[http://hl7.org/fhir/StructureDefinition/Patient], CanonicalType[http://hl7.org/fhir/StructureDefinition/RelatedPerson]]}
","Individual responsible for the annotation","The individual responsible for making the annotation.","","","","","","","","","",,,,,"",,,,"Annotation.author[x]",0,1,"","","N/A","Act.participant[typeCode=AUT].role"
"DeviceRequest.note.author[x]:authorReference.id","DeviceRequest.note.author[x].id","","","",0,1,"","","","string {[]} {[]}
","xml:id (or equivalent in JSON)","unique id for the element within a resource (for internal references). This may be any string value that does not contain spaces.","","","","","","","","","",,,,,"",,,,"Element.id",0,1,"","","n/a"
"DeviceRequest.note.author[x]:authorReference.extension","DeviceRequest.note.author[x].extension","","","",0,*,"","","","Extension {[]} {[]}
","Extension","An Extension","","","","","","","","","",,,,,"","value:url}
","Extensions are always sliced by (at least) url",,"open","Element.extension",0,*,"",""
"DeviceRequest.note.author[x]:authorReference.extension:practitionerRole","DeviceRequest.note.author[x].extension","practitionerRole","","",0,1,"","","","Extension {[CanonicalType[http://nictiz.nl/fhir/StructureDefinition/practitionerrole-reference]]} {[]}
","Optional Extensions Element","Optional Extension Element - found in all resources.","Relevant only in combination with Reference(Practitioner)","","","","","","","","",,,,,"",,,,"Element.extension",0,*,"","","n/a","N/A"
"DeviceRequest.note.author[x]:authorReference.reference","DeviceRequest.note.author[x].reference","","","",0,1,"","","Y","string {[]} {[]}
","Literal reference, Relative, internal or absolute URL","A reference to a location at which the other resource is found. The reference may be a relative reference, in which case it is relative to the service base URL, or an absolute URL that resolves to the location where the resource is found. The reference may be version specific or not. If the reference is not to a FHIR RESTful server, then it should be assumed to be version specific. Internal fragment references (start with '#') refer to contained resources.","Using absolute URLs provides a stable scalable approach suitable for a cloud/web context, while using relative/logical references provides a flexible approach suitable for use when trading across closed eco-system boundaries.   Absolute URLs do not need to point to a FHIR RESTful server, though this is the preferred approach. If the URL conforms to the structure ""/[type]/[id]"" then it should be assumed that the reference is to a FHIR RESTful server.","","","","","","","","",,,,,"",,,,"Reference.reference",0,1,"ref-1
","","N/A"
"DeviceRequest.note.author[x]:authorReference.identifier","DeviceRequest.note.author[x].identifier","","","",0,1,"","","Y","Identifier {[]} {[]}
","Logical reference, when literal reference is not known","An identifier for the other resource. This is used when there is no way to reference the other resource directly, either because the entity is not available through a FHIR server, or because there is no way for the author of the resource to convert a known identifier to an actual location. There is no requirement that a Reference.identifier point to something that is actually exposed as a FHIR instance, but it SHALL point to a business concept that would be expected to be exposed as a FHIR instance, and that instance would need to be of a FHIR resource type allowed by the reference.","When an identifier is provided in place of a reference, any system processing the reference will only be able to resolve the identifier to a reference if it understands the business context in which the identifier is used. Sometimes this is global (e.g. a national identifier) but often it is not. For this reason, none of the useful mechanisms described for working with references (e.g. chaining, includes) are possible, nor should servers be expected to be able resolve the reference. Servers may accept an identifier based reference untouched, resolve it, and/or reject it - see CapabilityStatement.rest.resource.referencePolicy. 

When both an identifier and a literal reference are provided, the literal reference is preferred. Applications processing the resource are allowed - but not required - to check that the identifier matches the literal reference

Applications converting a logical reference to a literal reference may choose to leave the logical reference present, or remove it.","","","","","","","","",,,,,"",,,,"Reference.identifier",0,1,"","",".identifier"
"DeviceRequest.note.author[x]:authorReference.display","DeviceRequest.note.author[x].display","","","",0,1,"","","Y","string {[]} {[]}
","Text alternative for the resource","Plain text narrative that identifies the resource in addition to the resource reference.","This is generally not the same as the Resource.text of the referenced resource.  The purpose is to identify what's being referenced, not to fully describe it.","","","","","","","","",,,,,"",,,,"Reference.display",0,1,"","","N/A"
"DeviceRequest.note.author[x]:authorString","DeviceRequest.note.author[x]","authorString","","",0,1,"","","Y","string {[]} {[]}
","Individual responsible for the annotation","The individual responsible for making the annotation.","","","","","","","","","",,,,,"",,,,"Annotation.author[x]",0,1,"","","N/A","Act.participant[typeCode=AUT].role"
"DeviceRequest.note.time","DeviceRequest.note.time","","","",0,1,"","","Y","dateTime {[]} {[]}
","When the annotation was made","Indicates when this particular annotation was made.","","","","","","","","","",,,,,"",,,,"Annotation.time",0,1,"","","N/A","Act.effectiveTime"
"DeviceRequest.note.text","DeviceRequest.note.text","","","",1,1,"","","","string {[]} {[]}
","The annotation  - text content","The text of the annotation.","","","","","","","","","",,,,,"",,,,"Annotation.text",1,1,"","","N/A","Act.text"
"DeviceRequest.relevantHistory","DeviceRequest.relevantHistory","","","",0,*,"","","","Reference {[]} {[CanonicalType[http://hl7.org/fhir/StructureDefinition/Provenance]]}
","Request provenance","Key events in the history of the request.","This may not include provenances for all versions of the request  only those deemed relevant or important.This SHALL NOT include the Provenance associated with this current version of the resource.  (If that provenance is deemed to be a relevant change, it will need to be added as part of a later update.  Until then, it can be queried directly as the Provenance that points to this version using _revincludeAll Provenances should have some historical version of this Request as their subject.","","","","","","","","",,,,,"",,,,"DeviceRequest.relevantHistory",0,*,"","","N/A",".inboundRelationship(typeCode=SUBJ].source[classCode=CACT, moodCode=EVN]"
