"Id","Path","Slice Name","Alias(s)","Label","Min","Max","Must Support?","Is Modifier?","Is Summary?","Type(s)","Short","Definition","Comments","Requirements","Default Value","Meaning When Missing","Fixed Value","Pattern","Example","Minimum Value","Maximum Value","Maximum Length","Binding Strength","Binding Description","Binding Value Set","Code","Slicing Discriminator","Slicing Description","Slicing Ordered","Slicing Rules","Base Path","Base Min","Base Max","Condition(s)","Constraint(s)","Mapping: HCIM NutritionAdvice-v1.0(2015EN)","Mapping: HCIM NutritionAdvice-v3.0(2016EN)","Mapping: HCIM NutritionAdvice-v3.1(2017EN)","Mapping: HCIM BasicElements-v1.0(2017EN)","Mapping: Workflow Mapping","Mapping: RIM Mapping","Mapping: W5 Mapping"
"NutritionOrder","NutritionOrder","","Nutrition Order
Diet OrderDietNutritional SupplementEnteral NutritionVoedingsadvies","",0,*,"","","","null {[]} {[]}
","NutritionOrder","A request to supply a diet, formula feeding (enteral) or oral nutritional supplement to a patient/resident.","Referenced by an Order Request (workflow).","","","","","","","","",,,,,"",,,,"NutritionOrder",0,*,"","dom-2:If the resource is contained in another resource, it SHALL NOT contain nested Resources {contained.contained.empty()}
dom-1:If the resource is contained in another resource, it SHALL NOT contain any narrative {contained.text.empty()}dom-4:If a resource is contained in another resource, it SHALL NOT have a meta.versionId or a meta.lastUpdated {contained.meta.versionId.empty() and contained.meta.lastUpdated.empty()}dom-3:If the resource is contained in another resource, it SHALL be referred to from elsewhere in the resource {contained.where(('#'+id in %resource.descendants().reference).not()).empty()}nor-1:Nutrition Order SHALL contain either Oral Diet , Supplement, or Enteral Formula class {oralDiet.exists() or supplement.exists() or enteralFormula.exists()}","NL-CM:7.11.1","NL-CM:7.11.1","NL-CM:7.11.1","Request","Entity. Role, or Act","SupplyRequest","clinical.careprovision"
"NutritionOrder.id","NutritionOrder.id","","","",0,1,"","","Y","id {[]} {[]}
","Logical id of this artifact","The logical id of the resource, as used in the URL for the resource. Once assigned, this value never changes.","The only time that a resource does not have an id is when it is being submitted to the server using a create operation.","","","","","","","","",,,,,"",,,,"Resource.id",0,1,"",""
"NutritionOrder.meta","NutritionOrder.meta","","","",0,1,"","","Y","Meta {[]} {[]}
","Metadata about the resource","The metadata about the resource. This is content that is maintained by the infrastructure. Changes to the content may not always be associated with version changes to the resource.","","","","","","","","","",,,,,"",,,,"Resource.meta",0,1,"",""
"NutritionOrder.implicitRules","NutritionOrder.implicitRules","","","",0,1,"","Y","Y","uri {[]} {[]}
","A set of rules under which this content was created","A reference to a set of rules that were followed when the resource was constructed, and which must be understood when processing the content.","Asserting this rule set restricts the content to be only understood by a limited set of trading partners. This inherently limits the usefulness of the data in the long term. However, the existing health eco-system is highly fractured, and not yet ready to define, collect, and exchange data in a generally computable sense. Wherever possible, implementers and/or specification writers should avoid using this element. 

This element is labelled as a modifier because the implicit rules may provide additional knowledge about the resource that modifies it's meaning or interpretation.","","","","","","","","",,,,,"",,,,"Resource.implicitRules",0,1,"",""
"NutritionOrder.language","NutritionOrder.language","","","",0,1,"","","","code {[]} {[]}
","Language of the resource content","The base language in which the resource is written.","Language is provided to support indexing and accessibility (typically, services such as text to speech use the language tag). The html language tag in the narrative applies  to the narrative. The language tag on the resource may be used to specify the language of other presentations generated from the data in the resource  Not all the content has to be in the base language. The Resource.language should not be assumed to apply to the narrative automatically. If a language is specified, it should it also be specified on the div element in the html (see rules in HTML5 for information about the relationship between xml:lang and the html lang attribute).","","","","","","","","",,"extensible","A human language.","http://hl7.org/fhir/ValueSet/languages","",,,,"Resource.language",0,1,"",""
"NutritionOrder.text","NutritionOrder.text","","narrative
htmlxhtmldisplay","",0,1,"","","","Narrative {[]} {[]}
","Text summary of the resource, for human interpretation","A human-readable narrative that contains a summary of the resource, and may be used to represent the content of the resource to a human. The narrative need not encode all the structured data, but is required to contain sufficient detail to make it ""clinically safe"" for a human to just read the narrative. Resource definitions may define what content should be represented in the narrative to ensure clinical safety.","Contained resources do not have narrative. Resources that are not contained SHOULD have a narrative. In some cases, a resource may only have text with little or no additional discrete data (as long as all minOccurs=1 elements are satisfied).  This may be necessary for data from legacy systems where information is captured as a ""text blob"" or where text is additionally entered raw or narrated and encoded in formation is added later.","","","","","","","","",,,,,"",,,,"DomainResource.text",0,1,"dom-1
","","Act.text?"
"NutritionOrder.contained","NutritionOrder.contained","","inline resources
anonymous resourcescontained resources","",0,*,"","","","Resource {[]} {[]}
","Contained, inline Resources","These resources do not have an independent existence apart from the resource that contains them - they cannot be identified independently, and nor can they have their own independent transaction scope.","This should never be done when the content can be identified properly, as once identification is lost, it is extremely difficult (and context dependent) to restore it again.","","","","","","","","",,,,,"",,,,"DomainResource.contained",0,*,"","","N/A"
"NutritionOrder.extension","NutritionOrder.extension","","","",0,*,"","","","Extension {[]} {[]}
","Extension","An Extension","","","","","","","","","",,,,,"","value:url}
","",,"open","DomainResource.extension",0,*,"",""
"NutritionOrder.extension:Comment","NutritionOrder.extension","Comment","Toelichting
","",0,1,"","","","Extension {[CanonicalType[http://nictiz.nl/fhir/StructureDefinition/zib-NutritionAdvice-Explanation]]} {[]}
","Comment","A comment on the nutrition advice.","","","","","","","","","",,,,,"",,,,"DomainResource.extension",0,*,"ele-1
","ele-1:All FHIR elements must have a @value or children {hasValue() | (children().count() > id.count())}
ext-1:Must have either extensions or value[x], not both {extension.exists() != value.exists()}","NL-CM:7.11.4","NL-CM:7.11.4","NL-CM:7.11.4"
"NutritionOrder.extension:Comment.id","NutritionOrder.extension.id","","","",0,1,"","","","string {[]} {[]}
","xml:id (or equivalent in JSON)","unique id for the element within a resource (for internal references). This may be any string value that does not contain spaces.","","","","","","","","","",,,,,"",,,,"Element.id",0,1,"","","n/a"
"NutritionOrder.extension:Comment.extension","NutritionOrder.extension.extension","","extensions
user content","",0,*,"","","","Extension {[]} {[]}
","Additional Content defined by implementations","May be used to represent additional information that is not part of the basic definition of the element. In order to make the use of extensions safe and manageable, there is a strict set of governance  applied to the definition and use of extensions. Though any implementer is allowed to define an extension, there is a set of requirements that SHALL be met as part of the definition of the extension.","There can be no stigma associated with the use of extensions by any application, project, or standard - regardless of the institution or jurisdiction that uses or defines the extensions.  The use of extensions is what allows the FHIR specification to retain a core level of simplicity for everyone.","","","","","","","","",,,,,"","value:url}
","Extensions are always sliced by (at least) url",,"open","Element.extension",0,*,"","","n/a"
"NutritionOrder.extension:Comment.url","NutritionOrder.extension.url","","","",1,1,"","","","uri {[]} {[]}
","identifies the meaning of the extension","Source of the definition for the extension code - a logical name or a URL.","The definition may point directly to a computable or human-readable definition of the extensibility codes, or it may be a logical URI as declared in some other specification. The definition SHALL be a URI for the Structure Definition defining the extension.","","","","<valueUri xmlns=""http://hl7.org/fhir"" value=""http://nictiz.nl/fhir/StructureDefinition/zib-NutritionAdvice-Explanation""/>","","","","",,,,,"",,,,"Extension.url",1,1,"","","N/A"
"NutritionOrder.extension:Comment.value[x]","NutritionOrder.extension.value[x]","","","",0,1,"","","","string {[]} {[]}
","Value of extension","Value of extension - may be a resource or one of a constrained set of the data types (see Extensibility in the spec for list).","","","","","","","","","",,,,,"","type:$this}
","",,"closed","Extension.value[x]",0,1,"","","N/A"
"NutritionOrder.extension:Comment.value[x]:valueString","NutritionOrder.extension.value[x]","valueString","Toelichting
","",0,1,"","","","string {[]} {[]}
","Explanation","An explanation of the dietary recommendations.","","","","","","","","","",,,,,"",,,,"Extension.value[x]",0,1,"","","N/A"
"NutritionOrder.modifierExtension","NutritionOrder.modifierExtension","","extensions
user content","",0,*,"","Y","","Extension {[]} {[]}
","Extensions that cannot be ignored","May be used to represent additional information that is not part of the basic definition of the resource, and that modifies the understanding of the element that contains it. Usually modifier elements provide negation or qualification. In order to make the use of extensions safe and manageable, there is a strict set of governance applied to the definition and use of extensions. Though any implementer is allowed to define an extension, there is a set of requirements that SHALL be met as part of the definition of the extension. Applications processing a resource are required to check for modifier extensions.","There can be no stigma associated with the use of extensions by any application, project, or standard - regardless of the institution or jurisdiction that uses or defines the extensions.  The use of extensions is what allows the FHIR specification to retain a core level of simplicity for everyone.","","","","","","","","",,,,,"",,,,"DomainResource.modifierExtension",0,*,"","","N/A"
"NutritionOrder.identifier","NutritionOrder.identifier","","","",0,*,"","","","Identifier {[]} {[]}
","Identifiers assigned to this order","Identifiers assigned to this order by the order sender or by the order receiver.","The Identifier.type element can be to indicate filler vs. placer if needed.  This is explained in further detail [here](http://hl7.org/fhir/STU3/procedurerequest.html#notes).","","","","","","","","",,,,,"",,,,"NutritionOrder.identifier",0,*,"","","NL-CM:0.0.6","Request.identifier",".id","id"
"NutritionOrder.status","NutritionOrder.status","","","",0,1,"","Y","Y","code {[]} {[]}
","proposed | draft | planned | requested | active | on-hold | completed | cancelled | entered-in-error","The workflow status of the nutrition order/request.","Typically the system placing the order sets the status to ""requested"". Thereafter, the order is maintained by the receiver that updates the status as the request is handled.

This element is labeled as a modifier because the status contains codes that mark the resource as not currently valid.","","","","","","","","",,"required","Codes specifying the state of the request. Describes the lifecycle of the nutrition order.","http://hl7.org/fhir/ValueSet/nutrition-request-status","",,,,"NutritionOrder.status",0,1,"","","Request.status",".statusCode","status"
"NutritionOrder.patient","NutritionOrder.patient","","","",1,1,"","","Y","Reference {[]} {[CanonicalType[http://fhir.nl/fhir/StructureDefinition/nl-core-patient]]}
","The person who requires the diet, formula or nutritional supplement","The person (patient) who needs the nutrition order for an oral diet, nutritional supplement and/or enteral or formula feeding.","","","","","","","","","",,,,,"",,,,"NutritionOrder.patient",1,1,"","","NL-CM:0.0.11","Request.subject.reference(Patient)",".participation[typeCode=SBJ].role","who.focus"
"NutritionOrder.encounter","NutritionOrder.encounter","","","",0,1,"","","","Reference {[]} {[CanonicalType[http://nictiz.nl/fhir/StructureDefinition/zib-Encounter]]}
","The encounter associated with this nutrition order","An encounter that provides additional information about the healthcare context in which this request is made.","","","","","","","","","",,,,,"",,,,"NutritionOrder.encounter",0,1,"","","Request.context.reference(Encounter)",".inboundRelationship[typeCode=COMP].source[classCode=ENC, moodCode=EVN]","context"
"NutritionOrder.dateTime","NutritionOrder.dateTime","","","",1,1,"","","Y","dateTime {[]} {[]}
","Date and time the nutrition order was requested","The date and time that this nutrition order was requested.","","","","","","","","","",,,,,"",,,,"NutritionOrder.dateTime",1,1,"","","NL-CM:0.0.14","Request.authoredOn","author.time","when.recorded"
"NutritionOrder.orderer","NutritionOrder.orderer","","","",0,1,"","","Y","Reference {[]} {[CanonicalType[http://fhir.nl/fhir/StructureDefinition/nl-core-practitioner]]}
","Who ordered the diet, formula or nutritional supplement","The practitioner that holds legal responsibility for ordering the diet, nutritional supplement, or formula feedings.","","","","","","","","","",,,,,"",,,,"NutritionOrder.orderer",0,1,"","","NL-CM:0.0.7","Request.requester",".participation[typeCode=AUT].role","who.author"
"NutritionOrder.orderer.id","NutritionOrder.orderer.id","","","",0,1,"","","","string {[]} {[]}
","xml:id (or equivalent in JSON)","unique id for the element within a resource (for internal references). This may be any string value that does not contain spaces.","","","","","","","","","",,,,,"",,,,"Element.id",0,1,"","","n/a"
"NutritionOrder.orderer.extension","NutritionOrder.orderer.extension","","","",0,*,"","","","Extension {[]} {[]}
","Extension","An Extension","","","","","","","","","",,,,,"","value:url}
","Extensions are always sliced by (at least) url",,"open","Element.extension",0,*,"",""
"NutritionOrder.orderer.extension:practitionerRole","NutritionOrder.orderer.extension","practitionerRole","","",0,1,"","","","Extension {[CanonicalType[http://nictiz.nl/fhir/StructureDefinition/practitionerrole-reference]]} {[]}
","Optional Extensions Element","Optional Extension Element - found in all resources.","","","","","","","","","",,,,,"",,,,"Element.extension",0,*,"","","n/a","N/A"
"NutritionOrder.orderer.reference","NutritionOrder.orderer.reference","","","",0,1,"","","Y","string {[]} {[]}
","Literal reference, Relative, internal or absolute URL","A reference to a location at which the other resource is found. The reference may be a relative reference, in which case it is relative to the service base URL, or an absolute URL that resolves to the location where the resource is found. The reference may be version specific or not. If the reference is not to a FHIR RESTful server, then it should be assumed to be version specific. Internal fragment references (start with '#') refer to contained resources.","Using absolute URLs provides a stable scalable approach suitable for a cloud/web context, while using relative/logical references provides a flexible approach suitable for use when trading across closed eco-system boundaries.   Absolute URLs do not need to point to a FHIR RESTful server, though this is the preferred approach. If the URL conforms to the structure ""/[type]/[id]"" then it should be assumed that the reference is to a FHIR RESTful server.","","","","","","","","",,,,,"",,,,"Reference.reference",0,1,"ref-1
","","N/A"
"NutritionOrder.orderer.identifier","NutritionOrder.orderer.identifier","","","",0,1,"","","Y","Identifier {[]} {[]}
","Logical reference, when literal reference is not known","An identifier for the other resource. This is used when there is no way to reference the other resource directly, either because the entity is not available through a FHIR server, or because there is no way for the author of the resource to convert a known identifier to an actual location. There is no requirement that a Reference.identifier point to something that is actually exposed as a FHIR instance, but it SHALL point to a business concept that would be expected to be exposed as a FHIR instance, and that instance would need to be of a FHIR resource type allowed by the reference.","When an identifier is provided in place of a reference, any system processing the reference will only be able to resolve the identifier to a reference if it understands the business context in which the identifier is used. Sometimes this is global (e.g. a national identifier) but often it is not. For this reason, none of the useful mechanisms described for working with references (e.g. chaining, includes) are possible, nor should servers be expected to be able resolve the reference. Servers may accept an identifier based reference untouched, resolve it, and/or reject it - see CapabilityStatement.rest.resource.referencePolicy. 

When both an identifier and a literal reference are provided, the literal reference is preferred. Applications processing the resource are allowed - but not required - to check that the identifier matches the literal reference

Applications converting a logical reference to a literal reference may choose to leave the logical reference present, or remove it.","","","","","","","","",,,,,"",,,,"Reference.identifier",0,1,"","",".identifier"
"NutritionOrder.orderer.display","NutritionOrder.orderer.display","","","",0,1,"","","Y","string {[]} {[]}
","Text alternative for the resource","Plain text narrative that identifies the resource in addition to the resource reference.","This is generally not the same as the Resource.text of the referenced resource.  The purpose is to identify what's being referenced, not to fully describe it.","","","","","","","","",,,,,"",,,,"Reference.display",0,1,"","","N/A"
"NutritionOrder.allergyIntolerance","NutritionOrder.allergyIntolerance","","","",0,*,"","","","Reference {[]} {[CanonicalType[http://nictiz.nl/fhir/StructureDefinition/zib-AllergyIntolerance]]}
","List of the patient's food and nutrition-related allergies and intolerances","A link to a record of allergies or intolerances  which should be included in the nutrition order.","Information on a patient's food allergies and intolerances to inform healthcare personnel about the type of foods that the patient shouldn't receive or consume.","","","","","","","","",,,,,"",,,,"NutritionOrder.allergyIntolerance",0,*,"","",".outboundRelationship[typeCode=RSON].target[classCode=OBS, moodCode=EVN]"
"NutritionOrder.foodPreferenceModifier","NutritionOrder.foodPreferenceModifier","","","",0,*,"","","","CodeableConcept {[]} {[]}
","Order-specific modifier about the type of food that should be given","This modifier is used to convey order-specific modifiers about the type of food that should be given. These can be derived from patient allergies, intolerances, or preferences such as Halal, Vegan or Kosher. This modifier applies to the entire nutrition order inclusive of the oral diet, nutritional supplements and enteral formula feedings.","Information on a patient's food preferences that inform healthcare personnel about the food that the patient should receive or consume.","","","","","","","","",,"example","Medical, cultural or ethical food preferences to help with catering requirements","http://hl7.org/fhir/ValueSet/encounter-diet","",,,,"NutritionOrder.foodPreferenceModifier",0,*,"","",".outboundRelationship [typeCode =COMP], target [classCode=PROC, moodCode=EVN, code=NutritionModificationType]"
"NutritionOrder.excludeFoodModifier","NutritionOrder.excludeFoodModifier","","","",0,*,"","","","CodeableConcept {[]} {[]}
","Order-specific modifier about the type of food that should not be given","This modifier is used to convey order-specific modifiers about the type of food that should NOT be given. These can be derived from patient allergies, intolerances, or preferences such as No Red Meat, No Soy or No Wheat or  Gluten-Free.  While it should not be necessary to repeat allergy or intolerance information captured in the referenced AllergyIntolerance resource in the excludeFoodModifier, this element may be used to convey additional specificity related to foods that should be eliminated from the patientâ€™s diet for any reason.  This modifier applies to the entire nutrition order inclusive of the oral diet, nutritional supplements and enteral formula feedings.","Information on a patient's food allergies, intolerances and preferences to inform healthcare personnel about the type  of foods that the patient shouldn't receive or consume.","","","","","","","","",,"example","Codes used to indicate the type of food that should NOT be given to the patient.","http://hl7.org/fhir/ValueSet/food-type","",,,,"NutritionOrder.excludeFoodModifier",0,*,"","","N/A"
"NutritionOrder.oralDiet","NutritionOrder.oralDiet","","","",0,1,"","","","BackboneElement {[]} {[]}
","Oral diet components","Diet given orally in contrast to enteral (tube) feeding.","","","","","","","","","",,,,,"",,,,"NutritionOrder.oralDiet",0,1,"nor-1
","ele-1:All FHIR elements must have a @value or children {hasValue() | (children().count() > id.count())}
","oralDiet .outboundRelationship [typeCode =COMP], target [classCode=SPLY, moodCode=RQO, code=OralDietSupplyType]"
"NutritionOrder.oralDiet.id","NutritionOrder.oralDiet.id","","","",0,1,"","","","string {[]} {[]}
","xml:id (or equivalent in JSON)","unique id for the element within a resource (for internal references). This may be any string value that does not contain spaces.","","","","","","","","","",,,,,"",,,,"Element.id",0,1,"","","n/a"
"NutritionOrder.oralDiet.extension","NutritionOrder.oralDiet.extension","","extensions
user content","",0,*,"","","","Extension {[]} {[]}
","Additional Content defined by implementations","May be used to represent additional information that is not part of the basic definition of the element. In order to make the use of extensions safe and manageable, there is a strict set of governance  applied to the definition and use of extensions. Though any implementer is allowed to define an extension, there is a set of requirements that SHALL be met as part of the definition of the extension.","There can be no stigma associated with the use of extensions by any application, project, or standard - regardless of the institution or jurisdiction that uses or defines the extensions.  The use of extensions is what allows the FHIR specification to retain a core level of simplicity for everyone.","","","","","","","","",,,,,"",,,,"Element.extension",0,*,"","","n/a"
"NutritionOrder.oralDiet.modifierExtension","NutritionOrder.oralDiet.modifierExtension","","extensions
user contentmodifiers","",0,*,"","Y","Y","Extension {[]} {[]}
","Extensions that cannot be ignored","May be used to represent additional information that is not part of the basic definition of the element, and that modifies the understanding of the element that contains it. Usually modifier elements provide negation or qualification. In order to make the use of extensions safe and manageable, there is a strict set of governance applied to the definition and use of extensions. Though any implementer is allowed to define an extension, there is a set of requirements that SHALL be met as part of the definition of the extension. Applications processing a resource are required to check for modifier extensions.","There can be no stigma associated with the use of extensions by any application, project, or standard - regardless of the institution or jurisdiction that uses or defines the extensions.  The use of extensions is what allows the FHIR specification to retain a core level of simplicity for everyone.","","","","","","","","",,,,,"",,,,"BackboneElement.modifierExtension",0,*,"","","N/A"
"NutritionOrder.oralDiet.type","NutritionOrder.oralDiet.type","","","",0,*,"","","Y","CodeableConcept {[]} {[]}
","Type of oral diet or diet restrictions that describe what can be consumed orally","The kind of diet or dietary restriction such as fiber restricted diet or diabetic diet.","","","","","","","","","",,"example","Codes used to indicate the type of diet being ordered for a patient.","http://hl7.org/fhir/ValueSet/diet-type","",,,,"NutritionOrder.oralDiet.type",0,*,"","",".code","what"
"NutritionOrder.oralDiet.type.id","NutritionOrder.oralDiet.type.id","","","",0,1,"","","","string {[]} {[]}
","xml:id (or equivalent in JSON)","unique id for the element within a resource (for internal references). This may be any string value that does not contain spaces.","","","","","","","","","",,,,,"",,,,"Element.id",0,1,"","","n/a"
"NutritionOrder.oralDiet.type.extension","NutritionOrder.oralDiet.type.extension","","extensions
user content","",0,*,"","","","Extension {[]} {[]}
","Additional Content defined by implementations","May be used to represent additional information that is not part of the basic definition of the element. In order to make the use of extensions safe and manageable, there is a strict set of governance  applied to the definition and use of extensions. Though any implementer is allowed to define an extension, there is a set of requirements that SHALL be met as part of the definition of the extension.","There can be no stigma associated with the use of extensions by any application, project, or standard - regardless of the institution or jurisdiction that uses or defines the extensions.  The use of extensions is what allows the FHIR specification to retain a core level of simplicity for everyone.","","","","","","","","",,,,,"","value:url}
","Extensions are always sliced by (at least) url",,"open","Element.extension",0,*,"","","n/a"
"NutritionOrder.oralDiet.type.coding","NutritionOrder.oralDiet.type.coding","","","",0,*,"","","Y","Coding {[]} {[]}
","Code defined by a terminology system","A reference to a code defined by a terminology system.","Codes may be defined very casually in enumerations, or code lists, up to very formal definitions such as SNOMED CT - see the HL7 v3 Core Principles for more information.  Ordering of codings is undefined and SHALL NOT be used to infer meaning. Generally, at most only one of the coding values will be labeled as UserSelected = true.","Allows for translations and alternate encodings within a code system.  Also supports communication of the same instance to systems requiring different encodings.","","","","","","","",,,,,"",,,,"CodeableConcept.coding",0,*,"","","union(., ./translation)"
"NutritionOrder.oralDiet.type.text","NutritionOrder.oralDiet.type.text","","DieetType
","",0,1,"","","Y","string {[]} {[]}
","DietType","Description of the type of diet.","Very often the text is the same as a displayName of one of the codings.","The codes from the terminologies do not always capture the correct meaning with all the nuances of the human using them, or sometimes there is no appropriate code at all. In these cases, the text is used to capture the full meaning of the source.","","","","","","","",,,,,"",,,,"CodeableConcept.text",0,1,"","","NL-CM:7.11.2","NL-CM:7.11.2","NL-CM:7.11.2","./originalText[mediaType/code=""text/plain""]/data"
"NutritionOrder.oralDiet.schedule","NutritionOrder.oralDiet.schedule","","Frequency
","",0,*,"","","","Timing {[]} {[]}
","Scheduled frequency of diet","The time period and frequency at which the diet should be given.  The diet should be given for the combination of all schedules if more than one schedule is present.","","","","","","","","","",,,,,"",,,,"NutritionOrder.oralDiet.schedule",0,*,"","",".expectedUseTime"
"NutritionOrder.oralDiet.nutrient","NutritionOrder.oralDiet.nutrient","","","",0,*,"","","","BackboneElement {[]} {[]}
","Required  nutrient modifications","Class that defines the quantity and type of nutrient modifications (for example carbohydrate, fiber or sodium) required for the oral diet.","","","","","","","","","",,,,,"",,,,"NutritionOrder.oralDiet.nutrient",0,*,"","ele-1:All FHIR elements must have a @value or children {hasValue() | (children().count() > id.count())}
",".participation{typeCode=PRD].role{classCode=MANU), manufacturedFoodKind"
"NutritionOrder.oralDiet.nutrient.id","NutritionOrder.oralDiet.nutrient.id","","","",0,1,"","","","string {[]} {[]}
","xml:id (or equivalent in JSON)","unique id for the element within a resource (for internal references). This may be any string value that does not contain spaces.","","","","","","","","","",,,,,"",,,,"Element.id",0,1,"","","n/a"
"NutritionOrder.oralDiet.nutrient.extension","NutritionOrder.oralDiet.nutrient.extension","","extensions
user content","",0,*,"","","","Extension {[]} {[]}
","Additional Content defined by implementations","May be used to represent additional information that is not part of the basic definition of the element. In order to make the use of extensions safe and manageable, there is a strict set of governance  applied to the definition and use of extensions. Though any implementer is allowed to define an extension, there is a set of requirements that SHALL be met as part of the definition of the extension.","There can be no stigma associated with the use of extensions by any application, project, or standard - regardless of the institution or jurisdiction that uses or defines the extensions.  The use of extensions is what allows the FHIR specification to retain a core level of simplicity for everyone.","","","","","","","","",,,,,"",,,,"Element.extension",0,*,"","","n/a"
"NutritionOrder.oralDiet.nutrient.modifierExtension","NutritionOrder.oralDiet.nutrient.modifierExtension","","extensions
user contentmodifiers","",0,*,"","Y","Y","Extension {[]} {[]}
","Extensions that cannot be ignored","May be used to represent additional information that is not part of the basic definition of the element, and that modifies the understanding of the element that contains it. Usually modifier elements provide negation or qualification. In order to make the use of extensions safe and manageable, there is a strict set of governance applied to the definition and use of extensions. Though any implementer is allowed to define an extension, there is a set of requirements that SHALL be met as part of the definition of the extension. Applications processing a resource are required to check for modifier extensions.","There can be no stigma associated with the use of extensions by any application, project, or standard - regardless of the institution or jurisdiction that uses or defines the extensions.  The use of extensions is what allows the FHIR specification to retain a core level of simplicity for everyone.","","","","","","","","",,,,,"",,,,"BackboneElement.modifierExtension",0,*,"","","N/A"
"NutritionOrder.oralDiet.nutrient.modifier","NutritionOrder.oralDiet.nutrient.modifier","","","",0,1,"","","","CodeableConcept {[]} {[]}
","Type of nutrient that is being modified","The nutrient that is being modified such as carbohydrate or sodium.","","","","","","","","","",,"example","Codes for types of nutrient that is being modified such as carbohydrate or sodium.","http://hl7.org/fhir/ValueSet/nutrient-code","",,,,"NutritionOrder.oralDiet.nutrient.modifier",0,1,"","",".code","what"
"NutritionOrder.oralDiet.nutrient.amount","NutritionOrder.oralDiet.nutrient.amount","","","",0,1,"","","","Quantity {[CanonicalType[http://hl7.org/fhir/StructureDefinition/SimpleQuantity]]} {[]}
","Quantity of the specified nutrient","The quantity of the specified nutrient to include in diet.","","","","","","","","","",,,,,"",,,,"NutritionOrder.oralDiet.nutrient.amount",0,1,"","",".quantity"
"NutritionOrder.oralDiet.texture","NutritionOrder.oralDiet.texture","","","",0,*,"","","","BackboneElement {[]} {[]}
","Required  texture modifications","Class that describes any texture modifications required for the patient to safely consume various types of solid foods.","","","","","","","","","",,,,,"",,,,"NutritionOrder.oralDiet.texture",0,*,"","ele-1:All FHIR elements must have a @value or children {hasValue() | (children().count() > id.count())}
",".inboundRelationship [typeCode =COMP], target [classCode=PROC, moodCode=EVN, code=DietTextureModificationType]"
"NutritionOrder.oralDiet.texture.id","NutritionOrder.oralDiet.texture.id","","","",0,1,"","","","string {[]} {[]}
","xml:id (or equivalent in JSON)","unique id for the element within a resource (for internal references). This may be any string value that does not contain spaces.","","","","","","","","","",,,,,"",,,,"Element.id",0,1,"","","n/a"
"NutritionOrder.oralDiet.texture.extension","NutritionOrder.oralDiet.texture.extension","","extensions
user content","",0,*,"","","","Extension {[]} {[]}
","Additional Content defined by implementations","May be used to represent additional information that is not part of the basic definition of the element. In order to make the use of extensions safe and manageable, there is a strict set of governance  applied to the definition and use of extensions. Though any implementer is allowed to define an extension, there is a set of requirements that SHALL be met as part of the definition of the extension.","There can be no stigma associated with the use of extensions by any application, project, or standard - regardless of the institution or jurisdiction that uses or defines the extensions.  The use of extensions is what allows the FHIR specification to retain a core level of simplicity for everyone.","","","","","","","","",,,,,"",,,,"Element.extension",0,*,"","","n/a"
"NutritionOrder.oralDiet.texture.modifierExtension","NutritionOrder.oralDiet.texture.modifierExtension","","extensions
user contentmodifiers","",0,*,"","Y","Y","Extension {[]} {[]}
","Extensions that cannot be ignored","May be used to represent additional information that is not part of the basic definition of the element, and that modifies the understanding of the element that contains it. Usually modifier elements provide negation or qualification. In order to make the use of extensions safe and manageable, there is a strict set of governance applied to the definition and use of extensions. Though any implementer is allowed to define an extension, there is a set of requirements that SHALL be met as part of the definition of the extension. Applications processing a resource are required to check for modifier extensions.","There can be no stigma associated with the use of extensions by any application, project, or standard - regardless of the institution or jurisdiction that uses or defines the extensions.  The use of extensions is what allows the FHIR specification to retain a core level of simplicity for everyone.","","","","","","","","",,,,,"",,,,"BackboneElement.modifierExtension",0,*,"","","N/A"
"NutritionOrder.oralDiet.texture.modifier","NutritionOrder.oralDiet.texture.modifier","","","",0,1,"","","","CodeableConcept {[]} {[]}
","Code to indicate how to alter the texture of the foods, e.g. pureed","Any texture modifications (for solid foods) that should be made, e.g. easy to chew, chopped, ground, and pureed.","Coupled with the foodType (Meat).","","","","","","","","",,"example","Codes for food consistency types or texture modifications to apply to foods.","http://hl7.org/fhir/ValueSet/texture-code","",,,,"NutritionOrder.oralDiet.texture.modifier",0,1,"","",".code"
"NutritionOrder.oralDiet.texture.modifier.id","NutritionOrder.oralDiet.texture.modifier.id","","","",0,1,"","","","string {[]} {[]}
","xml:id (or equivalent in JSON)","unique id for the element within a resource (for internal references). This may be any string value that does not contain spaces.","","","","","","","","","",,,,,"",,,,"Element.id",0,1,"","","n/a"
"NutritionOrder.oralDiet.texture.modifier.extension","NutritionOrder.oralDiet.texture.modifier.extension","","extensions
user content","",0,*,"","","","Extension {[]} {[]}
","Additional Content defined by implementations","May be used to represent additional information that is not part of the basic definition of the element. In order to make the use of extensions safe and manageable, there is a strict set of governance  applied to the definition and use of extensions. Though any implementer is allowed to define an extension, there is a set of requirements that SHALL be met as part of the definition of the extension.","There can be no stigma associated with the use of extensions by any application, project, or standard - regardless of the institution or jurisdiction that uses or defines the extensions.  The use of extensions is what allows the FHIR specification to retain a core level of simplicity for everyone.","","","","","","","","",,,,,"","value:url}
","Extensions are always sliced by (at least) url",,"open","Element.extension",0,*,"","","n/a"
"NutritionOrder.oralDiet.texture.modifier.coding","NutritionOrder.oralDiet.texture.modifier.coding","","","",0,*,"","","Y","Coding {[]} {[]}
","Code defined by a terminology system","A reference to a code defined by a terminology system.","Codes may be defined very casually in enumerations, or code lists, up to very formal definitions such as SNOMED CT - see the HL7 v3 Core Principles for more information.  Ordering of codings is undefined and SHALL NOT be used to infer meaning. Generally, at most only one of the coding values will be labeled as UserSelected = true.","Allows for translations and alternate encodings within a code system.  Also supports communication of the same instance to systems requiring different encodings.","","","","","","","",,,,,"",,,,"CodeableConcept.coding",0,*,"","","union(., ./translation)"
"NutritionOrder.oralDiet.texture.modifier.text","NutritionOrder.oralDiet.texture.modifier.text","","Consistentie
","",0,1,"","","Y","string {[]} {[]}
","Consistency","A description of the consistency of the food.","Because of a granularity difference between the ZIB DieataryRecommendations and NutritionOrder, the ZIB concept Consistency is mapped to the elements .oralDiet.texture.modifier.text, .oralDiet.texture.foodType.text  and .oralDiet.fluidConsistencyType.text.","The codes from the terminologies do not always capture the correct meaning with all the nuances of the human using them, or sometimes there is no appropriate code at all. In these cases, the text is used to capture the full meaning of the source.","","","","","","","",,,,,"",,,,"CodeableConcept.text",0,1,"","","NL-CM:7.11.3","NL-CM:7.11.3","NL-CM:7.11.3","./originalText[mediaType/code=""text/plain""]/data"
"NutritionOrder.oralDiet.texture.foodType","NutritionOrder.oralDiet.texture.foodType","","","",0,1,"","","","CodeableConcept {[]} {[]}
","Concepts that are used to identify an entity that is ingested for nutritional purposes","The food type(s) (e.g. meats, all foods)  that the texture modification applies to.  This could be all foods types.","Coupled with the textureModifier; could be (All Foods).","","","","","","","","",,"example","Codes for types of foods that are texture modified.","http://hl7.org/fhir/ValueSet/modified-foodtype","",,,,"NutritionOrder.oralDiet.texture.foodType",0,1,"","",".participation{typeCode=PRD].role{classCode=MANU), manufacturedFoodKind; .code"
"NutritionOrder.oralDiet.texture.foodType.id","NutritionOrder.oralDiet.texture.foodType.id","","","",0,1,"","","","string {[]} {[]}
","xml:id (or equivalent in JSON)","unique id for the element within a resource (for internal references). This may be any string value that does not contain spaces.","","","","","","","","","",,,,,"",,,,"Element.id",0,1,"","","n/a"
"NutritionOrder.oralDiet.texture.foodType.extension","NutritionOrder.oralDiet.texture.foodType.extension","","extensions
user content","",0,*,"","","","Extension {[]} {[]}
","Additional Content defined by implementations","May be used to represent additional information that is not part of the basic definition of the element. In order to make the use of extensions safe and manageable, there is a strict set of governance  applied to the definition and use of extensions. Though any implementer is allowed to define an extension, there is a set of requirements that SHALL be met as part of the definition of the extension.","There can be no stigma associated with the use of extensions by any application, project, or standard - regardless of the institution or jurisdiction that uses or defines the extensions.  The use of extensions is what allows the FHIR specification to retain a core level of simplicity for everyone.","","","","","","","","",,,,,"","value:url}
","Extensions are always sliced by (at least) url",,"open","Element.extension",0,*,"","","n/a"
"NutritionOrder.oralDiet.texture.foodType.coding","NutritionOrder.oralDiet.texture.foodType.coding","","","",0,*,"","","Y","Coding {[]} {[]}
","Code defined by a terminology system","A reference to a code defined by a terminology system.","Codes may be defined very casually in enumerations, or code lists, up to very formal definitions such as SNOMED CT - see the HL7 v3 Core Principles for more information.  Ordering of codings is undefined and SHALL NOT be used to infer meaning. Generally, at most only one of the coding values will be labeled as UserSelected = true.","Allows for translations and alternate encodings within a code system.  Also supports communication of the same instance to systems requiring different encodings.","","","","","","","",,,,,"",,,,"CodeableConcept.coding",0,*,"","","union(., ./translation)"
"NutritionOrder.oralDiet.texture.foodType.text","NutritionOrder.oralDiet.texture.foodType.text","","Consistentie
","",0,1,"","","Y","string {[]} {[]}
","Consistency","A description of the consistency of the food.","Because of a granularity difference between the ZIB DieataryRecommendations and NutritionOrder, the ZIB concept Consistency is mapped to the elements .oralDiet.texture.modifier.text, .oralDiet.texture.foodType.text  and .oralDiet.fluidConsistencyType.text.","The codes from the terminologies do not always capture the correct meaning with all the nuances of the human using them, or sometimes there is no appropriate code at all. In these cases, the text is used to capture the full meaning of the source.","","","","","","","",,,,,"",,,,"CodeableConcept.text",0,1,"","","NL-CM:7.11.3","NL-CM:7.11.3","NL-CM:7.11.3","./originalText[mediaType/code=""text/plain""]/data"
"NutritionOrder.oralDiet.fluidConsistencyType","NutritionOrder.oralDiet.fluidConsistencyType","","","",0,*,"","","","CodeableConcept {[]} {[]}
","The required consistency of fluids and liquids provided to the patient","The required consistency (e.g. honey-thick, nectar-thick, thin, thickened.) of liquids or fluids served to the patient.","","","","","","","","","",,"example","Codes used to represent the consistency of fluids and liquids provided to the patient.","http://hl7.org/fhir/ValueSet/consistency-type","",,,,"NutritionOrder.oralDiet.fluidConsistencyType",0,*,"","",".code  (Not differentiated from dietTextureModificationType in HL7 v3)"
"NutritionOrder.oralDiet.fluidConsistencyType.id","NutritionOrder.oralDiet.fluidConsistencyType.id","","","",0,1,"","","","string {[]} {[]}
","xml:id (or equivalent in JSON)","unique id for the element within a resource (for internal references). This may be any string value that does not contain spaces.","","","","","","","","","",,,,,"",,,,"Element.id",0,1,"","","n/a"
"NutritionOrder.oralDiet.fluidConsistencyType.extension","NutritionOrder.oralDiet.fluidConsistencyType.extension","","extensions
user content","",0,*,"","","","Extension {[]} {[]}
","Additional Content defined by implementations","May be used to represent additional information that is not part of the basic definition of the element. In order to make the use of extensions safe and manageable, there is a strict set of governance  applied to the definition and use of extensions. Though any implementer is allowed to define an extension, there is a set of requirements that SHALL be met as part of the definition of the extension.","There can be no stigma associated with the use of extensions by any application, project, or standard - regardless of the institution or jurisdiction that uses or defines the extensions.  The use of extensions is what allows the FHIR specification to retain a core level of simplicity for everyone.","","","","","","","","",,,,,"","value:url}
","Extensions are always sliced by (at least) url",,"open","Element.extension",0,*,"","","n/a"
"NutritionOrder.oralDiet.fluidConsistencyType.coding","NutritionOrder.oralDiet.fluidConsistencyType.coding","","","",0,*,"","","Y","Coding {[]} {[]}
","Code defined by a terminology system","A reference to a code defined by a terminology system.","Codes may be defined very casually in enumerations, or code lists, up to very formal definitions such as SNOMED CT - see the HL7 v3 Core Principles for more information.  Ordering of codings is undefined and SHALL NOT be used to infer meaning. Generally, at most only one of the coding values will be labeled as UserSelected = true.","Allows for translations and alternate encodings within a code system.  Also supports communication of the same instance to systems requiring different encodings.","","","","","","","",,,,,"",,,,"CodeableConcept.coding",0,*,"","","union(., ./translation)"
"NutritionOrder.oralDiet.fluidConsistencyType.text","NutritionOrder.oralDiet.fluidConsistencyType.text","","Consistentie
","",0,1,"","","Y","string {[]} {[]}
","Consistency","A description of the consistency of the food.","Because of a granularity difference between the ZIB DieataryRecommendations and NutritionOrder, the ZIB concept Consistency is mapped to the elements .oralDiet.texture.modifier.text, .oralDiet.texture.foodType.text  and .oralDiet.fluidConsistencyType.text.","The codes from the terminologies do not always capture the correct meaning with all the nuances of the human using them, or sometimes there is no appropriate code at all. In these cases, the text is used to capture the full meaning of the source.","","","","","","","",,,,,"",,,,"CodeableConcept.text",0,1,"","","NL-CM:7.11.3","NL-CM:7.11.3","NL-CM:7.11.3","./originalText[mediaType/code=""text/plain""]/data"
"NutritionOrder.oralDiet.instruction","NutritionOrder.oralDiet.instruction","","","",0,1,"","","Y","string {[]} {[]}
","Instructions or additional information about the oral diet","Free text or additional instructions or information pertaining to the oral diet.","Free text dosage instructions can be used for cases where the instructions are too complex to code.","","","","","","","","",,,,,"",,,,"NutritionOrder.oralDiet.instruction",0,1,"","",".text"
"NutritionOrder.supplement","NutritionOrder.supplement","","","",0,*,"","","","BackboneElement {[]} {[]}
","Supplement components","Oral nutritional products given in order to add further nutritional value to the patient's diet.","","","","","","","","","",,,,,"",,,,"NutritionOrder.supplement",0,*,"nor-1
","ele-1:All FHIR elements must have a @value or children {hasValue() | (children().count() > id.count())}
",".outboundRelationship [typeCode =COMP], target [classCode=SPLY, moodCode=RQO, code=SUPPLEMENT]"
"NutritionOrder.supplement.id","NutritionOrder.supplement.id","","","",0,1,"","","","string {[]} {[]}
","xml:id (or equivalent in JSON)","unique id for the element within a resource (for internal references). This may be any string value that does not contain spaces.","","","","","","","","","",,,,,"",,,,"Element.id",0,1,"","","n/a"
"NutritionOrder.supplement.extension","NutritionOrder.supplement.extension","","extensions
user content","",0,*,"","","","Extension {[]} {[]}
","Additional Content defined by implementations","May be used to represent additional information that is not part of the basic definition of the element. In order to make the use of extensions safe and manageable, there is a strict set of governance  applied to the definition and use of extensions. Though any implementer is allowed to define an extension, there is a set of requirements that SHALL be met as part of the definition of the extension.","There can be no stigma associated with the use of extensions by any application, project, or standard - regardless of the institution or jurisdiction that uses or defines the extensions.  The use of extensions is what allows the FHIR specification to retain a core level of simplicity for everyone.","","","","","","","","",,,,,"",,,,"Element.extension",0,*,"","","n/a"
"NutritionOrder.supplement.modifierExtension","NutritionOrder.supplement.modifierExtension","","extensions
user contentmodifiers","",0,*,"","Y","Y","Extension {[]} {[]}
","Extensions that cannot be ignored","May be used to represent additional information that is not part of the basic definition of the element, and that modifies the understanding of the element that contains it. Usually modifier elements provide negation or qualification. In order to make the use of extensions safe and manageable, there is a strict set of governance applied to the definition and use of extensions. Though any implementer is allowed to define an extension, there is a set of requirements that SHALL be met as part of the definition of the extension. Applications processing a resource are required to check for modifier extensions.","There can be no stigma associated with the use of extensions by any application, project, or standard - regardless of the institution or jurisdiction that uses or defines the extensions.  The use of extensions is what allows the FHIR specification to retain a core level of simplicity for everyone.","","","","","","","","",,,,,"",,,,"BackboneElement.modifierExtension",0,*,"","","N/A"
"NutritionOrder.supplement.type","NutritionOrder.supplement.type","","","",0,1,"","","Y","CodeableConcept {[]} {[]}
","Type of supplement product requested","The kind of nutritional supplement product required such as a high protein or pediatric clear liquid supplement.","","","","","","","","","",,"example","Codes for nutritional supplements to be provided to the patient","http://hl7.org/fhir/ValueSet/supplement-type","",,,,"NutritionOrder.supplement.type",0,1,"","",".participation{typeCode=PRD].role{classCode=MANU), manufacturedFoodKind; .code (NutritionalSupplementType)","what"
"NutritionOrder.supplement.productName","NutritionOrder.supplement.productName","","","",0,1,"","","","string {[]} {[]}
","Product or brand name of the nutritional supplement","The product or brand name of the nutritional supplement such as ""Acme Protein Shake"".","","","","","","","","","",,,,,"",,,,"NutritionOrder.supplement.productName",0,1,"","",".id"
"NutritionOrder.supplement.schedule","NutritionOrder.supplement.schedule","","Frequency
","",0,*,"","","","Timing {[]} {[]}
","Scheduled frequency of supplement","The time period and frequency at which the supplement(s) should be given.  The supplement should be given for the combination of all schedules if more than one schedule is present.","","","","","","","","","",,,,,"",,,,"NutritionOrder.supplement.schedule",0,*,"","",".effectiveTime"
"NutritionOrder.supplement.quantity","NutritionOrder.supplement.quantity","","","",0,1,"","","","Quantity {[CanonicalType[http://hl7.org/fhir/StructureDefinition/SimpleQuantity]]} {[]}
","Amount of the nutritional supplement","The amount of the nutritional supplement to be given.","","","","","","","","","",,,,,"",,,,"NutritionOrder.supplement.quantity",0,1,"","",".quantity"
"NutritionOrder.supplement.instruction","NutritionOrder.supplement.instruction","","","",0,1,"","","Y","string {[]} {[]}
","Instructions or additional information about the oral supplement","Free text or additional instructions or information pertaining to the oral supplement.","Free text dosage instructions can be used for cases where the instructions are too complex to code.","","","","","","","","",,,,,"",,,,"NutritionOrder.supplement.instruction",0,1,"","",".text"
"NutritionOrder.enteralFormula","NutritionOrder.enteralFormula","","","",0,1,"","","","BackboneElement {[]} {[]}
","Enteral formula components","Feeding provided through the gastrointestinal tract via a tube, catheter, or stoma that delivers nutrition distal to the oral cavity.","","","","","","","","","",,,,,"",,,,"NutritionOrder.enteralFormula",0,1,"nor-1
","ele-1:All FHIR elements must have a @value or children {hasValue() | (children().count() > id.count())}
",".outboundRelationship [typeCode =COMP], target [classCode=SPLY, moodCode=RQO, code=FORMULA]"
"NutritionOrder.enteralFormula.id","NutritionOrder.enteralFormula.id","","","",0,1,"","","","string {[]} {[]}
","xml:id (or equivalent in JSON)","unique id for the element within a resource (for internal references). This may be any string value that does not contain spaces.","","","","","","","","","",,,,,"",,,,"Element.id",0,1,"","","n/a"
"NutritionOrder.enteralFormula.extension","NutritionOrder.enteralFormula.extension","","extensions
user content","",0,*,"","","","Extension {[]} {[]}
","Additional Content defined by implementations","May be used to represent additional information that is not part of the basic definition of the element. In order to make the use of extensions safe and manageable, there is a strict set of governance  applied to the definition and use of extensions. Though any implementer is allowed to define an extension, there is a set of requirements that SHALL be met as part of the definition of the extension.","There can be no stigma associated with the use of extensions by any application, project, or standard - regardless of the institution or jurisdiction that uses or defines the extensions.  The use of extensions is what allows the FHIR specification to retain a core level of simplicity for everyone.","","","","","","","","",,,,,"",,,,"Element.extension",0,*,"","","n/a"
"NutritionOrder.enteralFormula.modifierExtension","NutritionOrder.enteralFormula.modifierExtension","","extensions
user contentmodifiers","",0,*,"","Y","Y","Extension {[]} {[]}
","Extensions that cannot be ignored","May be used to represent additional information that is not part of the basic definition of the element, and that modifies the understanding of the element that contains it. Usually modifier elements provide negation or qualification. In order to make the use of extensions safe and manageable, there is a strict set of governance applied to the definition and use of extensions. Though any implementer is allowed to define an extension, there is a set of requirements that SHALL be met as part of the definition of the extension. Applications processing a resource are required to check for modifier extensions.","There can be no stigma associated with the use of extensions by any application, project, or standard - regardless of the institution or jurisdiction that uses or defines the extensions.  The use of extensions is what allows the FHIR specification to retain a core level of simplicity for everyone.","","","","","","","","",,,,,"",,,,"BackboneElement.modifierExtension",0,*,"","","N/A"
"NutritionOrder.enteralFormula.baseFormulaType","NutritionOrder.enteralFormula.baseFormulaType","","","",0,1,"","","Y","CodeableConcept {[]} {[]}
","Type of enteral or infant formula","The type of enteral or infant formula such as an adult standard formula with fiber or a soy-based infant formula.","","","","","","","","","",,"example","Codes for type of enteral formula to be administered to patient.","http://hl7.org/fhir/ValueSet/entformula-type","",,,,"NutritionOrder.enteralFormula.baseFormulaType",0,1,"","",".participation{typeCode=PRD].role{classCode=MANU), manufacturedFoodKind; .code (NutritionalFormulaType)","what"
"NutritionOrder.enteralFormula.baseFormulaProductName","NutritionOrder.enteralFormula.baseFormulaProductName","","","",0,1,"","","","string {[]} {[]}
","Product or brand name of the enteral or infant formula","The product or brand name of the enteral or infant formula product such as ""ACME Adult Standard Formula"".","","","","","","","","","",,,,,"",,,,"NutritionOrder.enteralFormula.baseFormulaProductName",0,1,"","",".id"
"NutritionOrder.enteralFormula.additiveType","NutritionOrder.enteralFormula.additiveType","","","",0,1,"","","","CodeableConcept {[]} {[]}
","Type of modular component to add to the feeding","Indicates the type of modular component such as protein, carbohydrate, fat or fiber to be provided in addition to or mixed with the base formula.","","","","","","","","","",,"example","Codes for the type of modular component such as protein, carbohydrate or fiber to be provided in addition to or mixed with the base formula.","http://hl7.org/fhir/ValueSet/entformula-additive","",,,,"NutritionOrder.enteralFormula.additiveType",0,1,"","","N/A (not differentiated from NutritionalFormulaType in HL7 v3)","what"
"NutritionOrder.enteralFormula.additiveProductName","NutritionOrder.enteralFormula.additiveProductName","","","",0,1,"","","","string {[]} {[]}
","Product or brand name of the modular additive","The product or brand name of the type of modular component to be added to the formula.","","","","","","","","","",,,,,"",,,,"NutritionOrder.enteralFormula.additiveProductName",0,1,"","","N/A"
"NutritionOrder.enteralFormula.caloricDensity","NutritionOrder.enteralFormula.caloricDensity","","","",0,1,"","","","Quantity {[CanonicalType[http://hl7.org/fhir/StructureDefinition/SimpleQuantity]]} {[]}
","Amount of energy per specified volume that is required","The amount of energy (calories) that the formula should provide per specified volume, typically per mL or fluid oz.  For example, an infant may require a formula that provides 24 calories per fluid ounce or an adult may require an enteral formula that provides 1.5 calorie/mL.","","","","","","","","","",,,,,"",,,,"NutritionOrder.enteralFormula.caloricDensity",0,1,"","",".quantity (caloricDensity)"
"NutritionOrder.enteralFormula.routeofAdministration","NutritionOrder.enteralFormula.routeofAdministration","","","",0,1,"","","","CodeableConcept {[]} {[]}
","How the formula should enter the patient's gastrointestinal tract","The route or physiological path of administration into the patient's gastrointestinal  tract for purposes of providing the formula feeding, e.g. nasogastric tube.","","","","","","","","","",,"extensible","Codes specifying the route of administration of enteral formula.","http://hl7.org/fhir/ValueSet/enteral-route","",,,,"NutritionOrder.enteralFormula.routeofAdministration",0,1,"","",".routeCode"
"NutritionOrder.enteralFormula.administration","NutritionOrder.enteralFormula.administration","","","",0,*,"","","","BackboneElement {[]} {[]}
","Formula feeding instruction as structured data","Formula administration instructions as structured data.  This repeating structure allows for changing the administration rate or volume over time for both bolus and continuous feeding.  An example of this would be an instruction to increase the rate of continuous feeding every 2 hours.","See implementation notes below for further discussion on how to order continuous vs bolus enteral feeding using this resource.","","","","","","","","",,,,,"",,,,"NutritionOrder.enteralFormula.administration",0,*,"","ele-1:All FHIR elements must have a @value or children {hasValue() | (children().count() > id.count())}
",".outboundRelationship [typeCode =COMP], target [classCode=SBADM, moodCode=RQO]"
"NutritionOrder.enteralFormula.administration.id","NutritionOrder.enteralFormula.administration.id","","","",0,1,"","","","string {[]} {[]}
","xml:id (or equivalent in JSON)","unique id for the element within a resource (for internal references). This may be any string value that does not contain spaces.","","","","","","","","","",,,,,"",,,,"Element.id",0,1,"","","n/a"
"NutritionOrder.enteralFormula.administration.extension","NutritionOrder.enteralFormula.administration.extension","","extensions
user content","",0,*,"","","","Extension {[]} {[]}
","Additional Content defined by implementations","May be used to represent additional information that is not part of the basic definition of the element. In order to make the use of extensions safe and manageable, there is a strict set of governance  applied to the definition and use of extensions. Though any implementer is allowed to define an extension, there is a set of requirements that SHALL be met as part of the definition of the extension.","There can be no stigma associated with the use of extensions by any application, project, or standard - regardless of the institution or jurisdiction that uses or defines the extensions.  The use of extensions is what allows the FHIR specification to retain a core level of simplicity for everyone.","","","","","","","","",,,,,"",,,,"Element.extension",0,*,"","","n/a"
"NutritionOrder.enteralFormula.administration.modifierExtension","NutritionOrder.enteralFormula.administration.modifierExtension","","extensions
user contentmodifiers","",0,*,"","Y","Y","Extension {[]} {[]}
","Extensions that cannot be ignored","May be used to represent additional information that is not part of the basic definition of the element, and that modifies the understanding of the element that contains it. Usually modifier elements provide negation or qualification. In order to make the use of extensions safe and manageable, there is a strict set of governance applied to the definition and use of extensions. Though any implementer is allowed to define an extension, there is a set of requirements that SHALL be met as part of the definition of the extension. Applications processing a resource are required to check for modifier extensions.","There can be no stigma associated with the use of extensions by any application, project, or standard - regardless of the institution or jurisdiction that uses or defines the extensions.  The use of extensions is what allows the FHIR specification to retain a core level of simplicity for everyone.","","","","","","","","",,,,,"",,,,"BackboneElement.modifierExtension",0,*,"","","N/A"
"NutritionOrder.enteralFormula.administration.schedule","NutritionOrder.enteralFormula.administration.schedule","","Frequency
","",0,1,"","","","Timing {[]} {[]}
","Scheduled frequency of enteral feeding","The time period and frequency at which the enteral formula should be delivered to the patient.","","","","","","","","","",,,,,"",,,,"NutritionOrder.enteralFormula.administration.schedule",0,1,"","",".effectiveUseTime"
"NutritionOrder.enteralFormula.administration.quantity","NutritionOrder.enteralFormula.administration.quantity","","","",0,1,"","","","Quantity {[CanonicalType[http://hl7.org/fhir/StructureDefinition/SimpleQuantity]]} {[]}
","The volume of formula to provide","The volume of formula to provide to the patient per the specified administration schedule.","","","","","","","","","",,,,,"",,,,"NutritionOrder.enteralFormula.administration.quantity",0,1,"","",".doseQuantity"
"NutritionOrder.enteralFormula.administration.rate[x]","NutritionOrder.enteralFormula.administration.rate[x]","","","",0,1,"","","","Quantity {[CanonicalType[http://hl7.org/fhir/StructureDefinition/SimpleQuantity]]} {[]}
Ratio {[]} {[]}","Speed with which the formula is provided per period of time","The rate of administration of formula via a feeding pump, e.g. 60 mL per hour, according to the specified schedule.","Ratio is used when the quantity value in the denominator is not ""1"", otherwise use Quantity. For example, the Ratio datatype is used for ""200 mL/4 hrs"" versus the Quantity datatype for ""50 mL/hr"".","","","","","","","","",,,,,"",,,,"NutritionOrder.enteralFormula.administration.rate[x]",0,1,"","",".rateQuantity"
"NutritionOrder.enteralFormula.maxVolumeToDeliver","NutritionOrder.enteralFormula.maxVolumeToDeliver","","","",0,1,"","","","Quantity {[CanonicalType[http://hl7.org/fhir/StructureDefinition/SimpleQuantity]]} {[]}
","Upper limit on formula volume per unit of time","The maximum total quantity of formula that may be administered to a subject over the period of time, e.g. 1440 mL over 24 hours.","","","","","","","","","",,,,,"",,,,"NutritionOrder.enteralFormula.maxVolumeToDeliver",0,1,"","",".maxDoseQuantity"
"NutritionOrder.enteralFormula.administrationInstruction","NutritionOrder.enteralFormula.administrationInstruction","","","",0,1,"","","Y","string {[]} {[]}
","Formula feeding instructions expressed as text","Free text formula administration, feeding instructions or additional instructions or information.","Free text dosage instructions can be used for cases where the instructions are too complex to code.","","","","","","","","",,,,,"",,,,"NutritionOrder.enteralFormula.administrationInstruction",0,1,"","","N/A"
