"Id","Path","Slice Name","Alias(s)","Label","Min","Max","Must Support?","Is Modifier?","Is Summary?","Type(s)","Short","Definition","Comments","Requirements","Default Value","Meaning When Missing","Fixed Value","Pattern","Example","Minimum Value","Maximum Value","Maximum Length","Binding Strength","Binding Description","Binding Value Set","Code","Slicing Discriminator","Slicing Description","Slicing Ordered","Slicing Rules","Base Path","Base Min","Base Max","Condition(s)","Constraint(s)","Mapping: HCIM HelpFromOthers-v3.0(2017EN)","Mapping: HCIM BasicElements-v1.0(2017EN)","Mapping: Workflow Mapping","Mapping: RIM Mapping","Mapping: W5 Mapping","Mapping: HL7 v2 Mapping"
"CarePlan","CarePlan","","Care Team
","",0,*,"","","","null {[]} {[]}
","Healthcare plan for patient or group","Describes the intention of how one or more practitioners intend to deliver care for a particular patient, group or community for a period of time, possibly limited to care for a specific condition or set of conditions.","","","","","","","","","",,,,,"",,,,"CarePlan",0,*,"","dom-2:If the resource is contained in another resource, it SHALL NOT contain nested Resources {contained.contained.empty()}
dom-1:If the resource is contained in another resource, it SHALL NOT contain any narrative {contained.text.empty()}dom-4:If a resource is contained in another resource, it SHALL NOT have a meta.versionId or a meta.lastUpdated {contained.meta.versionId.empty() and contained.meta.lastUpdated.empty()}dom-3:If the resource is contained in another resource, it SHALL be referred to from elsewhere in the resource {contained.where(('#'+id in %resource.descendants().reference).not()).empty()}","Request","Entity. Role, or Act","Act[classCode=PCPR, moodCode=INT]","clinical.careprovision"
"CarePlan.id","CarePlan.id","","","",0,1,"","","Y","id {[]} {[]}
","Logical id of this artifact","The logical id of the resource, as used in the URL for the resource. Once assigned, this value never changes.","The only time that a resource does not have an id is when it is being submitted to the server using a create operation.","","","","","","","","",,,,,"",,,,"Resource.id",0,1,"",""
"CarePlan.meta","CarePlan.meta","","","",0,1,"","","Y","Meta {[]} {[]}
","Metadata about the resource","The metadata about the resource. This is content that is maintained by the infrastructure. Changes to the content may not always be associated with version changes to the resource.","","","","","","","","","",,,,,"",,,,"Resource.meta",0,1,"",""
"CarePlan.implicitRules","CarePlan.implicitRules","","","",0,1,"","Y","Y","uri {[]} {[]}
","A set of rules under which this content was created","A reference to a set of rules that were followed when the resource was constructed, and which must be understood when processing the content.","Asserting this rule set restricts the content to be only understood by a limited set of trading partners. This inherently limits the usefulness of the data in the long term. However, the existing health eco-system is highly fractured, and not yet ready to define, collect, and exchange data in a generally computable sense. Wherever possible, implementers and/or specification writers should avoid using this element. 

This element is labelled as a modifier because the implicit rules may provide additional knowledge about the resource that modifies it's meaning or interpretation.","","","","","","","","",,,,,"",,,,"Resource.implicitRules",0,1,"",""
"CarePlan.language","CarePlan.language","","","",0,1,"","","","code {[]} {[]}
","Language of the resource content","The base language in which the resource is written.","Language is provided to support indexing and accessibility (typically, services such as text to speech use the language tag). The html language tag in the narrative applies  to the narrative. The language tag on the resource may be used to specify the language of other presentations generated from the data in the resource  Not all the content has to be in the base language. The Resource.language should not be assumed to apply to the narrative automatically. If a language is specified, it should it also be specified on the div element in the html (see rules in HTML5 for information about the relationship between xml:lang and the html lang attribute).","","","","","","","","",,"extensible","A human language.","http://hl7.org/fhir/ValueSet/languages","",,,,"Resource.language",0,1,"",""
"CarePlan.text","CarePlan.text","","narrative
htmlxhtmldisplay","",0,1,"","","","Narrative {[]} {[]}
","Text summary of the resource, for human interpretation","A human-readable narrative that contains a summary of the resource, and may be used to represent the content of the resource to a human. The narrative need not encode all the structured data, but is required to contain sufficient detail to make it ""clinically safe"" for a human to just read the narrative. Resource definitions may define what content should be represented in the narrative to ensure clinical safety.","Contained resources do not have narrative. Resources that are not contained SHOULD have a narrative. In some cases, a resource may only have text with little or no additional discrete data (as long as all minOccurs=1 elements are satisfied).  This may be necessary for data from legacy systems where information is captured as a ""text blob"" or where text is additionally entered raw or narrated and encoded in formation is added later.","","","","","","","","",,,,,"",,,,"DomainResource.text",0,1,"dom-1
","","Act.text?"
"CarePlan.contained","CarePlan.contained","","inline resources
anonymous resourcescontained resources","",0,*,"","","","Resource {[]} {[]}
","Contained, inline Resources","These resources do not have an independent existence apart from the resource that contains them - they cannot be identified independently, and nor can they have their own independent transaction scope.","This should never be done when the content can be identified properly, as once identification is lost, it is extremely difficult (and context dependent) to restore it again.","","","","","","","","",,,,,"",,,,"DomainResource.contained",0,*,"","","N/A"
"CarePlan.extension","CarePlan.extension","","extensions
user content","",0,*,"","","","Extension {[]} {[]}
","Additional Content defined by implementations","May be used to represent additional information that is not part of the basic definition of the resource. In order to make the use of extensions safe and manageable, there is a strict set of governance  applied to the definition and use of extensions. Though any implementer is allowed to define an extension, there is a set of requirements that SHALL be met as part of the definition of the extension.","There can be no stigma associated with the use of extensions by any application, project, or standard - regardless of the institution or jurisdiction that uses or defines the extensions.  The use of extensions is what allows the FHIR specification to retain a core level of simplicity for everyone.","","","","","","","","",,,,,"",,,,"DomainResource.extension",0,*,"","","N/A"
"CarePlan.modifierExtension","CarePlan.modifierExtension","","extensions
user content","",0,*,"","Y","","Extension {[]} {[]}
","Extensions that cannot be ignored","May be used to represent additional information that is not part of the basic definition of the resource, and that modifies the understanding of the element that contains it. Usually modifier elements provide negation or qualification. In order to make the use of extensions safe and manageable, there is a strict set of governance applied to the definition and use of extensions. Though any implementer is allowed to define an extension, there is a set of requirements that SHALL be met as part of the definition of the extension. Applications processing a resource are required to check for modifier extensions.","There can be no stigma associated with the use of extensions by any application, project, or standard - regardless of the institution or jurisdiction that uses or defines the extensions.  The use of extensions is what allows the FHIR specification to retain a core level of simplicity for everyone.","","","","","","","","",,,,,"",,,,"DomainResource.modifierExtension",0,*,"","","N/A"
"CarePlan.identifier","CarePlan.identifier","","","",0,*,"","","Y","Identifier {[]} {[]}
","External Ids for this plan","This records identifiers associated with this care plan that are defined by business processes and/or used to refer to it when a direct URL reference to the resource itself is not appropriate (e.g. in CDA documents, or in written / printed documentation).","","Need to allow connection to a wider workflow.","","","","","","","",,,,,"",,,,"CarePlan.identifier",0,*,"","","NL-CM:0.0.6","Request.identifier",".id","id","PTH-3"
"CarePlan.definition","CarePlan.definition","","","",0,*,"","","Y","Reference {[]} {[CanonicalType[http://hl7.org/fhir/StructureDefinition/PlanDefinition], CanonicalType[http://hl7.org/fhir/StructureDefinition/Questionnaire]]}
","Protocol or definition","Identifies the protocol, questionnaire, guideline or other specification the care plan should be conducted in accordance with.","","","","","","","","","",,,,,"",,,,"CarePlan.definition",0,*,"","","Request.definition"
"CarePlan.basedOn","CarePlan.basedOn","","fulfills
","",0,*,"","","Y","Reference {[]} {[CanonicalType[http://hl7.org/fhir/StructureDefinition/CarePlan]]}
","Fulfills care plan","A care plan that is fulfilled in whole or in part by this care plan.","","Allows tracing of the care plan and tracking whether proposals/recommendations were acted upon.","","","","","","","",,,,,"",,,,"CarePlan.basedOn",0,*,"","","Request.basedOn"
"CarePlan.replaces","CarePlan.replaces","","supersedes
","",0,*,"","","Y","Reference {[]} {[CanonicalType[http://hl7.org/fhir/StructureDefinition/CarePlan]]}
","CarePlan replaced by this CarePlan","Completed or terminated care plan whose function is taken by this new care plan.","The replacement could be because the initial care plan was immediately rejected (due to an issue) or because the previous care plan was completed, but the need for the action described by the care plan remains ongoing.","Allows tracing the continuation of a therapy or administrative process instantiated through multiple care plans.","","","","","","","",,,,,"",,,,"CarePlan.replaces",0,*,"","","Request.replaces"
"CarePlan.partOf","CarePlan.partOf","","","",0,*,"","","Y","Reference {[]} {[CanonicalType[http://hl7.org/fhir/StructureDefinition/CarePlan]]}
","Part of referenced CarePlan","A larger care plan of which this particular care plan is a component or step.","Each care plan is an independent request, such that having a care plan be part of another care plan can cause issues with cascading statuses.  As such, this element is still being discussed.","","","","","","","","",,,,,"",,,,"CarePlan.partOf",0,*,"",""
"CarePlan.status","CarePlan.status","","","",1,1,"","Y","Y","code {[]} {[]}
","draft | active | suspended | completed | entered-in-error | cancelled | unknown","Indicates whether the plan is currently being acted upon, represents future intentions or is now a historical record.","The unknown code is not to be used to convey other statuses.  The unknown code should be used when one of the statuses applies, but the authoring system doesn't know the current state of the care plan.

This element is labeled as a modifier because the status contains the code entered-in-error] that marks the plan as not currently valid.","Allows clinicians to determine whether the plan is actionable or not.","","","","","","","",,"required","Indicates whether the plan is currently being acted upon, represents future intentions or is now a historical record.","http://hl7.org/fhir/ValueSet/care-plan-status","",,,,"CarePlan.status",1,1,"","","Request.status (uses different ValueSet)",".statusCode planned = new active = active completed = completed","status","PTH-5"
"CarePlan.intent","CarePlan.intent","","","",1,1,"","Y","Y","code {[]} {[]}
","plan","Indicates the level of authority/intentionality associated with the care plan and where the care plan fits into the workflow chain.","Although the Zib is not really a (care)plan, this resources falls almost completly inline with the Zib. From the 4 possible codes here plan comes closest. Therefore this element is fixed to plan.","Proposals/recommendations, plans and orders all use the same structure and can exist in the same fulfillment chain.","","","<valueCode xmlns=""http://hl7.org/fhir"" value=""plan""/>","","","","",,"required","Codes indicating the degree of authority/intentionality associated with a care plan","http://hl7.org/fhir/ValueSet/care-plan-intent","",,,,"CarePlan.intent",1,1,"","","Request.intent"
"CarePlan.category","CarePlan.category","","","",1,1,"","","Y","CodeableConcept {[]} {[]}
","Type of plan","Identifies what ""kind"" of plan this is to support differentiation between multiple co-existing plans; e.g. ""Home health"", ""psychiatric"", ""asthma"", ""disease management"", ""wellness plan"", etc.","There may be multiple axis of categorization and one plan may serve multiple purposes.  In some cases, this may be redundant with references to CarePlan.concern.","Used for filtering what plan(s) are retrieved and displayed to different types of users.","","","","","","","",,"example","Identifies what ""kind"" of plan this is to support differentiation between multiple co-existing plans; e.g. ""Home health"", ""psychiatric"", ""asthma"", ""disease management"", etc.","http://hl7.org/fhir/ValueSet/care-plan-category","",,,,"CarePlan.category",0,*,"","","Request.supportingInfo","class"
"CarePlan.category.id","CarePlan.category.id","","","",0,1,"","","","string {[]} {[]}
","xml:id (or equivalent in JSON)","unique id for the element within a resource (for internal references). This may be any string value that does not contain spaces.","","","","","","","","","",,,,,"",,,,"Element.id",0,1,"","","n/a"
"CarePlan.category.extension","CarePlan.category.extension","","extensions
user content","",0,*,"","","","Extension {[]} {[]}
","Additional Content defined by implementations","May be used to represent additional information that is not part of the basic definition of the element. In order to make the use of extensions safe and manageable, there is a strict set of governance  applied to the definition and use of extensions. Though any implementer is allowed to define an extension, there is a set of requirements that SHALL be met as part of the definition of the extension.","There can be no stigma associated with the use of extensions by any application, project, or standard - regardless of the institution or jurisdiction that uses or defines the extensions.  The use of extensions is what allows the FHIR specification to retain a core level of simplicity for everyone.","","","","","","","","",,,,,"","value:url}
","Extensions are always sliced by (at least) url",,"open","Element.extension",0,*,"","","n/a"
"CarePlan.category.coding","CarePlan.category.coding","","","",1,*,"","","Y","Coding {[]} {[]}
","Code defined by a terminology system","A reference to a code defined by a terminology system.","Codes may be defined very casually in enumerations, or code lists, up to very formal definitions such as SNOMED CT - see the HL7 v3 Core Principles for more information.  Ordering of codings is undefined and SHALL NOT be used to infer meaning. Generally, at most only one of the coding values will be labeled as UserSelected = true.","Allows for translations and alternate encodings within a code system.  Also supports communication of the same instance to systems requiring different encodings.","","","","","","","",,,,,"","value:code}
","",,"open","CodeableConcept.coding",0,*,"","","union(., ./translation)","C*E.1-8, C*E.10-22"
"CarePlan.category.coding:helpFromOthersCode","CarePlan.category.coding","helpFromOthersCode","","",1,1,"","","Y","Coding {[]} {[]}
","Code defined by a terminology system","A reference to a code defined by a terminology system.","Codes may be defined very casually in enumerations, or code lists, up to very formal definitions such as SNOMED CT - see the HL7 v3 Core Principles for more information.  Ordering of codings is undefined and SHALL NOT be used to infer meaning. Generally, at most only one of the coding values will be labeled as UserSelected = true.","Allows for translations and alternate encodings within a code system.  Also supports communication of the same instance to systems requiring different encodings.","","","","","","","",,,,,"",,,,"CodeableConcept.coding",0,*,"","","union(., ./translation)","C*E.1-8, C*E.10-22"
"CarePlan.category.coding:helpFromOthersCode.id","CarePlan.category.coding.id","","","",0,1,"","","","string {[]} {[]}
","xml:id (or equivalent in JSON)","unique id for the element within a resource (for internal references). This may be any string value that does not contain spaces.","","","","","","","","","",,,,,"",,,,"Element.id",0,1,"","","n/a"
"CarePlan.category.coding:helpFromOthersCode.extension","CarePlan.category.coding.extension","","extensions
user content","",0,*,"","","","Extension {[]} {[]}
","Additional Content defined by implementations","May be used to represent additional information that is not part of the basic definition of the element. In order to make the use of extensions safe and manageable, there is a strict set of governance  applied to the definition and use of extensions. Though any implementer is allowed to define an extension, there is a set of requirements that SHALL be met as part of the definition of the extension.","There can be no stigma associated with the use of extensions by any application, project, or standard - regardless of the institution or jurisdiction that uses or defines the extensions.  The use of extensions is what allows the FHIR specification to retain a core level of simplicity for everyone.","","","","","","","","",,,,,"","value:url}
","Extensions are always sliced by (at least) url",,"open","Element.extension",0,*,"","","n/a"
"CarePlan.category.coding:helpFromOthersCode.system","CarePlan.category.coding.system","","","",1,1,"","","Y","uri {[]} {[]}
","Identity of the terminology system","The identification of the code system that defines the meaning of the symbol in the code.","The URI may be an OID (urn:oid:...) or a UUID (urn:uuid:...).  OIDs and UUIDs SHALL be references to the HL7 OID registry. Otherwise, the URI should come from HL7's list of FHIR defined special URIs or it should de-reference to some definition that establish the system clearly and unambiguously.","Need to be unambiguous about the source of the definition of the symbol.","","","<valueUri xmlns=""http://hl7.org/fhir"" value=""http://snomed.info/sct""/>","","","","",,,,,"",,,,"Coding.system",0,1,"","","./codeSystem","C*E.3"
"CarePlan.category.coding:helpFromOthersCode.version","CarePlan.category.coding.version","","","",0,1,"","","Y","string {[]} {[]}
","Version of the system - if relevant","The version of the code system which was used when choosing this code. Note that a well-maintained code system does not need the version reported, because the meaning of codes is consistent across versions. However this cannot consistently be assured. and when the meaning is not guaranteed to be consistent, the version SHOULD be exchanged.","Where the terminology does not clearly define what string should be used to identify code system versions, the recommendation is to use the date (expressed in FHIR date format) on which that version was officially published as the version date.","","","","","","","","",,,,,"",,,,"Coding.version",0,1,"","","./codeSystemVersion","C*E.7"
"CarePlan.category.coding:helpFromOthersCode.code","CarePlan.category.coding.code","","","",1,1,"","","Y","code {[]} {[]}
","Symbol in syntax defined by the system","A symbol in syntax defined by the system. The symbol may be a predefined code or an expression in a syntax defined by the coding system (e.g. post-coordination).","","Need to refer to a particular code in the system.","","","<valueCode xmlns=""http://hl7.org/fhir"" value=""243114000""/>","","","","",,,,,"",,,,"Coding.code",0,1,"","","./code","C*E.1"
"CarePlan.category.coding:helpFromOthersCode.display","CarePlan.category.coding.display","","","",0,1,"","","Y","string {[]} {[]}
","Representation defined by the system","A representation of the meaning of the code in the system, following the rules of the system.","","Need to be able to carry a human-readable meaning of the code for readers that do not know  the system.","","","","","","","",,,,,"",,,,"Coding.display",0,1,"","","CV.displayName","C*E.2 - but note this is not well followed"
"CarePlan.category.coding:helpFromOthersCode.userSelected","CarePlan.category.coding.userSelected","","","",0,1,"","","Y","boolean {[]} {[]}
","If this coding was chosen directly by the user","Indicates that this coding was chosen by a user directly - i.e. off a pick list of available items (codes or displays).","Amongst a set of alternatives, a directly chosen code is the most appropriate starting point for new translations. There is some ambiguity about what exactly 'directly chosen' implies, and trading partner agreement may be needed to clarify the use of this element and its consequences more completely.","This has been identified as a clinical safety criterium - that this exact system/code pair was chosen explicitly, rather than inferred by the system based on some rules or language processing.","","","","","","","",,,,,"",,,,"Coding.userSelected",0,1,"","","CD.codingRationale","Sometimes implied by being first"
"CarePlan.category.text","CarePlan.category.text","","","",0,1,"","","Y","string {[]} {[]}
","Plain text representation of the concept","A human language representation of the concept as seen/selected/uttered by the user who entered the data and/or which represents the intended meaning of the user.","Very often the text is the same as a displayName of one of the codings.","The codes from the terminologies do not always capture the correct meaning with all the nuances of the human using them, or sometimes there is no appropriate code at all. In these cases, the text is used to capture the full meaning of the source.","","","","","","","",,,,,"",,,,"CodeableConcept.text",0,1,"","","./originalText[mediaType/code=""text/plain""]/data","C*E.9. But note many systems use C*E.2 for this"
"CarePlan.title","CarePlan.title","","","",0,1,"","","Y","string {[]} {[]}
","Human-friendly name for the CarePlan","Human-friendly name for the CarePlan.","","","","","","","","","",,,,,"",,,,"CarePlan.title",0,1,"",""
"CarePlan.description","CarePlan.description","","","",0,1,"","","Y","string {[]} {[]}
","Summary of nature of plan","A description of the scope and nature of the plan.","","Provides more detail than conveyed by category.","","","","","","","",,,,,"",,,,"CarePlan.description",0,1,"","","what"
"CarePlan.subject","CarePlan.subject","","patient
","",1,1,"","","Y","Reference {[]} {[CanonicalType[http://fhir.nl/fhir/StructureDefinition/nl-core-patient], CanonicalType[http://hl7.org/fhir/StructureDefinition/Group]]}
","Who care plan is for","Identifies the patient or group whose intended care is described by the plan.","","","","","","","","","",,,,,"",,,,"CarePlan.subject",1,1,"","","NL-CM:0.0.11","Request.subject",".participation[typeCode=PAT].role[classCode=PAT]","who.focus","PID-3"
"CarePlan.context","CarePlan.context","","encounter
","",0,1,"","","Y","Reference {[]} {[CanonicalType[http://nictiz.nl/fhir/StructureDefinition/zib-Encounter], CanonicalType[http://fhir.nl/fhir/StructureDefinition/nl-core-episodeofcare]]}
","Created in context of","Identifies the original context in which this particular CarePlan was created.","Activities conducted as a result of the care plan may well occur as part of other encounters/episodes.","","","","","","","","",,,,,"",,,,"CarePlan.context",0,1,"","","Request.context",".","context","Associated PV1"
"CarePlan.period","CarePlan.period","","timing
","",0,1,"","","Y","Period {[]} {[]}
","Time period plan covers","Indicates when the plan did (or is intended to) come into effect and end.","Any activities scheduled as part of the plan should be constrained to the specified period regardless of whether the activities are planned within a single encounter/episode or across multiple encounters/episodes (e.g. the longitudinal management of a chronic condition).","Allows tracking what plan(s) are in effect at a particular time.","","","","","","","",,,,,"",,,,"CarePlan.period",0,1,"","","Request.occurrencePeriod",".effectiveTime","when.init","GOL-7 / GOL-8"
"CarePlan.author","CarePlan.author","","","",0,*,"","","Y","Reference {[]} {[CanonicalType[http://fhir.nl/fhir/StructureDefinition/nl-core-patient], CanonicalType[http://fhir.nl/fhir/StructureDefinition/nl-core-practitioner], CanonicalType[http://fhir.nl/fhir/StructureDefinition/nl-core-relatedperson], CanonicalType[http://fhir.nl/fhir/StructureDefinition/nl-core-organization], CanonicalType[http://fhir.nl/fhir/StructureDefinition/nl-core-careteam]]}
","Who is responsible for contents of the plan","Identifies the individual(s) or ogranization who is responsible for the content of the care plan.","Collaborative care plans may have multiple authors.","","","","","","","","",,,,,"",,,,"CarePlan.author",0,*,"","","NL-CM:0.0.7","Request.requester.agent (if only one author)","who.source"
"CarePlan.author.id","CarePlan.author.id","","","",0,1,"","","","string {[]} {[]}
","xml:id (or equivalent in JSON)","unique id for the element within a resource (for internal references). This may be any string value that does not contain spaces.","","","","","","","","","",,,,,"",,,,"Element.id",0,1,"","","n/a"
"CarePlan.author.extension","CarePlan.author.extension","","","",0,*,"","","","Extension {[]} {[]}
","Extension","An Extension","","","","","","","","","",,,,,"","value:url}
","Extensions are always sliced by (at least) url",,"open","Element.extension",0,*,"",""
"CarePlan.author.extension:practitionerRole","CarePlan.author.extension","practitionerRole","","",0,1,"","","","Extension {[CanonicalType[http://nictiz.nl/fhir/StructureDefinition/practitionerrole-reference]]} {[]}
","Optional Extensions Element","Optional Extension Element - found in all resources.","","","","","","","","","",,,,,"",,,,"Element.extension",0,*,"","","n/a","N/A"
"CarePlan.author.reference","CarePlan.author.reference","","","",0,1,"","","Y","string {[]} {[]}
","Literal reference, Relative, internal or absolute URL","A reference to a location at which the other resource is found. The reference may be a relative reference, in which case it is relative to the service base URL, or an absolute URL that resolves to the location where the resource is found. The reference may be version specific or not. If the reference is not to a FHIR RESTful server, then it should be assumed to be version specific. Internal fragment references (start with '#') refer to contained resources.","Using absolute URLs provides a stable scalable approach suitable for a cloud/web context, while using relative/logical references provides a flexible approach suitable for use when trading across closed eco-system boundaries.   Absolute URLs do not need to point to a FHIR RESTful server, though this is the preferred approach. If the URL conforms to the structure ""/[type]/[id]"" then it should be assumed that the reference is to a FHIR RESTful server.","","","","","","","","",,,,,"",,,,"Reference.reference",0,1,"ref-1
","","N/A"
"CarePlan.author.identifier","CarePlan.author.identifier","","","",0,1,"","","Y","Identifier {[]} {[]}
","Logical reference, when literal reference is not known","An identifier for the other resource. This is used when there is no way to reference the other resource directly, either because the entity is not available through a FHIR server, or because there is no way for the author of the resource to convert a known identifier to an actual location. There is no requirement that a Reference.identifier point to something that is actually exposed as a FHIR instance, but it SHALL point to a business concept that would be expected to be exposed as a FHIR instance, and that instance would need to be of a FHIR resource type allowed by the reference.","When an identifier is provided in place of a reference, any system processing the reference will only be able to resolve the identifier to a reference if it understands the business context in which the identifier is used. Sometimes this is global (e.g. a national identifier) but often it is not. For this reason, none of the useful mechanisms described for working with references (e.g. chaining, includes) are possible, nor should servers be expected to be able resolve the reference. Servers may accept an identifier based reference untouched, resolve it, and/or reject it - see CapabilityStatement.rest.resource.referencePolicy. 

When both an identifier and a literal reference are provided, the literal reference is preferred. Applications processing the resource are allowed - but not required - to check that the identifier matches the literal reference

Applications converting a logical reference to a literal reference may choose to leave the logical reference present, or remove it.","","","","","","","","",,,,,"",,,,"Reference.identifier",0,1,"","",".identifier"
"CarePlan.author.display","CarePlan.author.display","","","",0,1,"","","Y","string {[]} {[]}
","Text alternative for the resource","Plain text narrative that identifies the resource in addition to the resource reference.","This is generally not the same as the Resource.text of the referenced resource.  The purpose is to identify what's being referenced, not to fully describe it.","","","","","","","","",,,,,"",,,,"Reference.display",0,1,"","","N/A"
"CarePlan.careTeam","CarePlan.careTeam","","","",0,*,"","","","Reference {[]} {[CanonicalType[http://fhir.nl/fhir/StructureDefinition/nl-core-careteam]]}
","Who's involved in plan?","Identifies all people and organizations who are expected to be involved in the care envisioned by this plan.","","Allows representation of care teams, helps scope care plan.  In some cases may be a determiner of access permissions.","","","","","","","",,,,,"",,,,"CarePlan.careTeam",0,*,"","","Request.performer (similar but does not entail CareTeam)","who.actor"
"CarePlan.addresses","CarePlan.addresses","","","",0,*,"","","Y","Reference {[]} {[CanonicalType[http://hl7.org/fhir/StructureDefinition/Condition]]}
","Health issues this plan addresses","Identifies the conditions/problems/concerns/diagnoses/etc. whose management and/or mitigation are handled by this plan.","","Links plan to the conditions it manages.  The element can identify risks addressed by the plan as well as active conditions.  (The Condition resource can include things like ""at risk for hypertension"" or ""fall risk"".)  Also scopes plans - multiple plans may exist addressing different concerns.","","","","","","","",,,,,"",,,,"CarePlan.addresses",0,*,"","","Request.reasonReference",".actRelationship[typeCode=SUBJ].target[classCode=CONC, moodCode=EVN]","why","PRB-4"
"CarePlan.supportingInfo","CarePlan.supportingInfo","","","",0,*,"","","","Reference {[]} {[CanonicalType[http://hl7.org/fhir/StructureDefinition/Resource]]}
","Information considered as part of plan","Identifies portions of the patient's record that specifically influenced the formation of the plan.  These might include co-morbidities, recent procedures, limitations, recent assessments, etc.","Use ""concern"" to identify specific conditions addressed by the care plan.","Identifies barriers and other considerations associated with the care plan.","","","","","","","",,,,,"",,,,"CarePlan.supportingInfo",0,*,"","","Request.supportingInfo"
"CarePlan.goal","CarePlan.goal","","","",0,*,"","","","Reference {[]} {[CanonicalType[http://hl7.org/fhir/StructureDefinition/Goal]]}
","Desired outcome of plan","Describes the intended objective(s) of carrying out the care plan.","Goal can be achieving a particular change or merely maintaining a current state or even slowing a decline.","Provides context for plan.  Allows plan effectiveness to be evaluated by clinicians.","","","","","","","",,,,,"",,,,"CarePlan.goal",0,*,"","",".outboundRelationship[typeCode<=OBJ].","GOL.1"
"CarePlan.activity","CarePlan.activity","","HulpVanAnderen
","",0,*,"","","","BackboneElement {[]} {[]}
","HelpFromOthers","Identifies a planned action to occur as part of the plan.  For example, a medication to be used, lab tests to perform, self-monitoring, education, etc.","","Allows systems to prompt for performance of planned activities, and validate plans against best practice.","","","","","","","",,,,,"",,,,"CarePlan.activity",0,*,"","ele-1:All FHIR elements must have a @value or children {hasValue() | (children().count() > id.count())}
cpl-3:Provide a reference or detail, not both {detail.empty() or reference.empty()}","NL-CM:3.2.1","no mapping
NOTE: This is a list of contained Request-Event tuples!",".outboundRelationship[typeCode=COMP].target"
"CarePlan.activity.id","CarePlan.activity.id","","","",0,1,"","","","string {[]} {[]}
","xml:id (or equivalent in JSON)","unique id for the element within a resource (for internal references). This may be any string value that does not contain spaces.","","","","","","","","","",,,,,"",,,,"Element.id",0,1,"","","n/a"
"CarePlan.activity.extension","CarePlan.activity.extension","","extensions
user content","",0,*,"","","","Extension {[]} {[]}
","Additional Content defined by implementations","May be used to represent additional information that is not part of the basic definition of the element. In order to make the use of extensions safe and manageable, there is a strict set of governance  applied to the definition and use of extensions. Though any implementer is allowed to define an extension, there is a set of requirements that SHALL be met as part of the definition of the extension.","There can be no stigma associated with the use of extensions by any application, project, or standard - regardless of the institution or jurisdiction that uses or defines the extensions.  The use of extensions is what allows the FHIR specification to retain a core level of simplicity for everyone.","","","","","","","","",,,,,"",,,,"Element.extension",0,*,"","","n/a"
"CarePlan.activity.modifierExtension","CarePlan.activity.modifierExtension","","extensions
user contentmodifiers","",0,*,"","Y","Y","Extension {[]} {[]}
","Extensions that cannot be ignored","May be used to represent additional information that is not part of the basic definition of the element, and that modifies the understanding of the element that contains it. Usually modifier elements provide negation or qualification. In order to make the use of extensions safe and manageable, there is a strict set of governance applied to the definition and use of extensions. Though any implementer is allowed to define an extension, there is a set of requirements that SHALL be met as part of the definition of the extension. Applications processing a resource are required to check for modifier extensions.","There can be no stigma associated with the use of extensions by any application, project, or standard - regardless of the institution or jurisdiction that uses or defines the extensions.  The use of extensions is what allows the FHIR specification to retain a core level of simplicity for everyone.","","","","","","","","",,,,,"",,,,"BackboneElement.modifierExtension",0,*,"","","N/A"
"CarePlan.activity.outcomeCodeableConcept","CarePlan.activity.outcomeCodeableConcept","","","",0,*,"","","","CodeableConcept {[]} {[]}
","Results of the activity","Identifies the outcome at the point when the status of the activity is assessed.  For example, the outcome of an education activity could be patient understands (or not).","Note that this should not duplicate the activity status (e.g. completed or in progress).","","","","","","","","",,"example","Identifies the results of the activity","http://hl7.org/fhir/ValueSet/care-plan-activity-outcome","",,,,"CarePlan.activity.outcomeCodeableConcept",0,*,"",""
"CarePlan.activity.outcomeReference","CarePlan.activity.outcomeReference","","","",0,*,"","","","Reference {[]} {[CanonicalType[http://hl7.org/fhir/StructureDefinition/Resource]]}
","Appointment, Encounter, Procedure, etc.","Details of the outcome or action resulting from the activity.  The reference to an ""event"" resource, such as Procedure or Encounter or Observation, is the result/outcome of the activity itself.  The activity can be conveyed using CarePlan.activity.detail OR using the CarePlan.activity.reference (a reference to a “request” resource).","The activity outcome is independent of the outcome of the related goal(s).  For example, if the goal is to achieve a target body weight of 150 lb and an activity is defined to diet, then the activity outcome could be calories consumed whereas the goal outcome is an observation for the actual body weight measured.","Links plan to resulting actions.","","","","","","","",,,,,"",,,,"CarePlan.activity.outcomeReference",0,*,"","","Event that is outcome of Request in activity.reference",".inboundRelationship[typeCode=FLFS].source"
"CarePlan.activity.progress","CarePlan.activity.progress","","","",0,*,"","","","Annotation {[]} {[]}
","Comments about the activity status/progress","Notes about the adherence/status/progress of the activity.","This element should NOT be used to describe the activity to be performed - that occurs either within the resource pointed to by activity.detail.reference or in activity.detail.description.","Can be used to capture information about adherence, progress, concerns, etc.","","","","","","","",,,,,"",,,,"CarePlan.activity.progress",0,*,"","","Event.status (Annotation instead of CodableConcept)",".inboundRelationship[typeCode=SUBJ].source[classCode=OBS, moodCode=EVN, code=""annotation""].value","NTE?"
"CarePlan.activity.reference","CarePlan.activity.reference","","","",0,1,"","","","Reference {[]} {[CanonicalType[http://hl7.org/fhir/StructureDefinition/Appointment], CanonicalType[http://hl7.org/fhir/StructureDefinition/CommunicationRequest], CanonicalType[http://hl7.org/fhir/StructureDefinition/DeviceRequest], CanonicalType[http://hl7.org/fhir/StructureDefinition/MedicationRequest], CanonicalType[http://hl7.org/fhir/StructureDefinition/NutritionOrder], CanonicalType[http://hl7.org/fhir/StructureDefinition/Task], CanonicalType[http://hl7.org/fhir/StructureDefinition/ProcedureRequest], CanonicalType[http://hl7.org/fhir/StructureDefinition/ReferralRequest], CanonicalType[http://hl7.org/fhir/StructureDefinition/VisionPrescription], CanonicalType[http://hl7.org/fhir/StructureDefinition/RequestGroup]]}
","Activity details defined in specific resource","The details of the proposed activity represented in a specific resource.","Standard extension exists ([goal-pertainstogoal](http://hl7.org/fhir/STU3/extension-goal-pertainstogoal.html)) that allows goals to be referenced from any of the referenced resources in CarePlan.activity.reference.  The goal should be visible when the resource referenced by CarePlan.activity.reference is viewed indepedently from the CarePlan.  Requests that are pointed to by a CarePlan using this element should *not* point to this CarePlan using the ""basedOn"" element.  i.e. Requests that are part of a CarePlan are not ""based on"" the CarePlan.","Details in a form consistent with other applications and contexts of use.","","","","","","","",,,,,"",,,,"CarePlan.activity.reference",0,1,"cpl-3
","","Request that resulted in Event in activity.actionResulting",".outboundRelationship[typeCode=COMP].target"
"CarePlan.activity.detail","CarePlan.activity.detail","","","",0,1,"","","","BackboneElement {[]} {[]}
","In-line definition of activity","A simple summary of a planned activity suitable for a general care plan system (e.g. form driven) that doesn't know about specific resources such as procedure etc.","","Details in a simple form for generic care plan systems.","","","","","","","",,,,,"",,,,"CarePlan.activity.detail",0,1,"cpl-3
","ele-1:All FHIR elements must have a @value or children {hasValue() | (children().count() > id.count())}
",".outboundRelationship[typeCode=COMP, subsetCode=SUMM].target"
"CarePlan.activity.detail.id","CarePlan.activity.detail.id","","","",0,1,"","","","string {[]} {[]}
","xml:id (or equivalent in JSON)","unique id for the element within a resource (for internal references). This may be any string value that does not contain spaces.","","","","","","","","","",,,,,"",,,,"Element.id",0,1,"","","n/a"
"CarePlan.activity.detail.extension","CarePlan.activity.detail.extension","","extensions
user content","",0,*,"","","","Extension {[]} {[]}
","Additional Content defined by implementations","May be used to represent additional information that is not part of the basic definition of the element. In order to make the use of extensions safe and manageable, there is a strict set of governance  applied to the definition and use of extensions. Though any implementer is allowed to define an extension, there is a set of requirements that SHALL be met as part of the definition of the extension.","There can be no stigma associated with the use of extensions by any application, project, or standard - regardless of the institution or jurisdiction that uses or defines the extensions.  The use of extensions is what allows the FHIR specification to retain a core level of simplicity for everyone.","","","","","","","","",,,,,"",,,,"Element.extension",0,*,"","","n/a"
"CarePlan.activity.detail.modifierExtension","CarePlan.activity.detail.modifierExtension","","extensions
user contentmodifiers","",0,*,"","Y","Y","Extension {[]} {[]}
","Extensions that cannot be ignored","May be used to represent additional information that is not part of the basic definition of the element, and that modifies the understanding of the element that contains it. Usually modifier elements provide negation or qualification. In order to make the use of extensions safe and manageable, there is a strict set of governance applied to the definition and use of extensions. Though any implementer is allowed to define an extension, there is a set of requirements that SHALL be met as part of the definition of the extension. Applications processing a resource are required to check for modifier extensions.","There can be no stigma associated with the use of extensions by any application, project, or standard - regardless of the institution or jurisdiction that uses or defines the extensions.  The use of extensions is what allows the FHIR specification to retain a core level of simplicity for everyone.","","","","","","","","",,,,,"",,,,"BackboneElement.modifierExtension",0,*,"","","N/A"
"CarePlan.activity.detail.category","CarePlan.activity.detail.category","","SoortHulp
","",0,1,"","","","CodeableConcept {[]} {[]}
","TypeOfHelp","The type of help offered by the person in question.","","May determine what types of extensions are permitted.","","","","","","","",,"extensible","SoortHulpCodelijst","http://decor.nictiz.nl/fhir/ValueSet/2.16.840.1.113883.2.4.3.11.60.40.2.3.2.1--20171231000000","",,,,"CarePlan.activity.detail.category",0,1,"","","NL-CM:3.2.9","Request.supportingInformation",".inboundRelationship[typeCode=COMP].source[classCode=LIST].code"
"CarePlan.activity.detail.definition","CarePlan.activity.detail.definition","","","",0,1,"","","","Reference {[]} {[CanonicalType[http://hl7.org/fhir/StructureDefinition/PlanDefinition], CanonicalType[http://hl7.org/fhir/StructureDefinition/ActivityDefinition], CanonicalType[http://hl7.org/fhir/StructureDefinition/Questionnaire]]}
","Protocol or definition","Identifies the protocol, questionnaire, guideline or other specification the planned activity should be conducted in accordance with.","","Allows Questionnaires that the patient (or practitioner) should fill in to fulfill the care plan activity.","","","","","","","",,,,,"",,,,"CarePlan.activity.detail.definition",0,1,"","","Request.definition"
"CarePlan.activity.detail.code","CarePlan.activity.detail.code","","Aard
","",0,1,"","","","CodeableConcept {[]} {[]}
","Nature","The nature of the help/support provided to the patient.","Tends to be less relevant for activities involving particular products.  Codes should not convey negation - use ""prohibited"" instead.","Allows matching performed to planned as well as validation against protocols.","","","","","","","",,"example","Detailed description of the type of activity; e.g. What lab test, what procedure, what kind of encounter.","http://hl7.org/fhir/ValueSet/care-plan-activity","",,,,"CarePlan.activity.detail.code",0,1,"","","Request.code",".code","OBR-4 / RXE-2 / RXO-1  / RXD-2"
"CarePlan.activity.detail.code.id","CarePlan.activity.detail.code.id","","","",0,1,"","","","string {[]} {[]}
","xml:id (or equivalent in JSON)","unique id for the element within a resource (for internal references). This may be any string value that does not contain spaces.","","","","","","","","","",,,,,"",,,,"Element.id",0,1,"","","n/a"
"CarePlan.activity.detail.code.extension","CarePlan.activity.detail.code.extension","","extensions
user content","",0,*,"","","","Extension {[]} {[]}
","Additional Content defined by implementations","May be used to represent additional information that is not part of the basic definition of the element. In order to make the use of extensions safe and manageable, there is a strict set of governance  applied to the definition and use of extensions. Though any implementer is allowed to define an extension, there is a set of requirements that SHALL be met as part of the definition of the extension.","There can be no stigma associated with the use of extensions by any application, project, or standard - regardless of the institution or jurisdiction that uses or defines the extensions.  The use of extensions is what allows the FHIR specification to retain a core level of simplicity for everyone.","","","","","","","","",,,,,"","value:url}
","Extensions are always sliced by (at least) url",,"open","Element.extension",0,*,"","","n/a"
"CarePlan.activity.detail.code.coding","CarePlan.activity.detail.code.coding","","","",0,*,"","","Y","Coding {[]} {[]}
","Code defined by a terminology system","A reference to a code defined by a terminology system.","Codes may be defined very casually in enumerations, or code lists, up to very formal definitions such as SNOMED CT - see the HL7 v3 Core Principles for more information.  Ordering of codings is undefined and SHALL NOT be used to infer meaning. Generally, at most only one of the coding values will be labeled as UserSelected = true.","Allows for translations and alternate encodings within a code system.  Also supports communication of the same instance to systems requiring different encodings.","","","","","","","",,,,,"",,,,"CodeableConcept.coding",0,*,"","","union(., ./translation)","C*E.1-8, C*E.10-22"
"CarePlan.activity.detail.code.text","CarePlan.activity.detail.code.text","","","",0,1,"","","Y","string {[]} {[]}
","Plain text representation of the concept","A human language representation of the concept as seen/selected/uttered by the user who entered the data and/or which represents the intended meaning of the user.","Very often the text is the same as a displayName of one of the codings.","The codes from the terminologies do not always capture the correct meaning with all the nuances of the human using them, or sometimes there is no appropriate code at all. In these cases, the text is used to capture the full meaning of the source.","","","","","","","",,,,,"",,,,"CodeableConcept.text",0,1,"","","NL-CM:3.2.3","./originalText[mediaType/code=""text/plain""]/data","C*E.9. But note many systems use C*E.2 for this"
"CarePlan.activity.detail.reasonCode","CarePlan.activity.detail.reasonCode","","","",0,*,"","","","CodeableConcept {[]} {[]}
","Why activity should be done or why activity was prohibited","Provides the rationale that drove the inclusion of this particular activity as part of the plan or the reason why the activity was prohibited.","This could be a diagnosis code.  If a full condition record exists or additional detail is needed, use reasonCondition instead.","","","","","","","","",,"example","Identifies why a care plan activity is needed.  Can include any health condition codes as well as such concepts as ""general wellness"", prophylaxis, surgical preparation, etc.","http://hl7.org/fhir/ValueSet/activity-reason","",,,,"CarePlan.activity.detail.reasonCode",0,*,"","","Request.reasonCode"
"CarePlan.activity.detail.reasonReference","CarePlan.activity.detail.reasonReference","","","",0,*,"","","","Reference {[]} {[CanonicalType[http://hl7.org/fhir/StructureDefinition/Condition]]}
","Condition triggering need for activity","Provides the health condition(s) that drove the inclusion of this particular activity as part of the plan.","Conditions can be identified at the activity level that are not identified as reasons for the overall plan.","","","","","","","","",,,,,"",,,,"CarePlan.activity.detail.reasonReference",0,*,"","","Request.reasonReference"
"CarePlan.activity.detail.goal","CarePlan.activity.detail.goal","","","",0,*,"","","","Reference {[]} {[CanonicalType[http://hl7.org/fhir/StructureDefinition/Goal]]}
","Goals this activity relates to","Internal reference that identifies the goals that this activity is intended to contribute towards meeting.","","So that participants know the link explicitly.","","","","","","","",,,,,"",,,,"CarePlan.activity.detail.goal",0,*,"","","Request.goal",".outboundRelationship[typeCode<=OBJ]."
"CarePlan.activity.detail.status","CarePlan.activity.detail.status","","","",1,1,"","Y","","code {[]} {[]}
","not-started | scheduled | in-progress | on-hold | completed | cancelled | unknown","Identifies what progress is being made for the specific activity.","Some aspects of status can be inferred based on the resources linked in actionTaken.  Note that ""status"" is only as current as the plan was most recently updated.  
The unknown code is not to be used to convey other statuses.  The unknown code should be used when one of the statuses applies, but the authoring system doesn't know the current state of the activity.","Indicates progress against the plan, whether the activity is still relevant for the plan.","","","","","","","",,"required","Indicates where the activity is at in its overall life cycle.","http://hl7.org/fhir/ValueSet/care-plan-activity-status","",,,,"CarePlan.activity.detail.status",1,1,"","","Request.status (uses different ValueSet)",".statusCode not-started = new scheduled = not-started (and fulfillment relationship to appointent) in-progress = active on-hold = suspended completed = completed cancelled = aborted","ORC-5?"
"CarePlan.activity.detail.statusReason","CarePlan.activity.detail.statusReason","","","",0,1,"","","","string {[]} {[]}
","Reason for current status","Provides reason why the activity isn't yet started, is on hold, was cancelled, etc.","Will generally not be present if status is ""complete"".  Be sure to prompt to update this (or at least remove the existing value) if the status is changed.","","","","","","","","",,,,,"",,,,"CarePlan.activity.detail.statusReason",0,1,"",""
"CarePlan.activity.detail.prohibited","CarePlan.activity.detail.prohibited","","","",0,1,"","Y","","boolean {[]} {[]}
","Do NOT do","If true, indicates that the described activity is one that must NOT be engaged in when following the plan.  If false, indicates that the described activity is one that should be engaged in when following the plan.","This element is labeled as a modifier because it marks an activity as an activity that is not to be performed.","Captures intention to not do something that may have been previously typical.","<valueBoolean xmlns=""http://hl7.org/fhir"" value=""false""/>","","","","","","",,,,,"",,,,"CarePlan.activity.detail.prohibited",0,1,"","","actionNegationInd"
"CarePlan.activity.detail.scheduled[x]","CarePlan.activity.detail.scheduled[x]","","","",0,1,"","","","string {[]} {[]}
","When activity is to occur","The period, timing or frequency upon which the described activity is to occur.","","Allows prompting for activities and detection of missed planned activities.","","","","","","","",,,,,"","type:$this}
","",,"closed","CarePlan.activity.detail.scheduled[x]",0,1,"","","Request.occurrence",".effectiveTime","TQ1"
"CarePlan.activity.detail.scheduled[x]:scheduledString","CarePlan.activity.detail.scheduled[x]","scheduledString","Frequentie
","",0,1,"","","","string {[]} {[]}
","Frequency","The frequency of the provided support, e.g. daily/weekly.","","Allows prompting for activities and detection of missed planned activities.","","","","","","","",,,,,"",,,,"CarePlan.activity.detail.scheduled[x]",0,1,"","","NL-CM:3.2.2","Request.occurrence",".effectiveTime","TQ1"
"CarePlan.activity.detail.location","CarePlan.activity.detail.location","","","",0,1,"","","","Reference {[]} {[CanonicalType[http://hl7.org/fhir/StructureDefinition/Location]]}
","Where it should happen","Identifies the facility where the activity will occur; e.g. home, hospital, specific clinic, etc.","May reference a specific clinical location or may identify a type of location.","Helps in planning of activity.","","","","","","","",,,,,"",,,,"CarePlan.activity.detail.location",0,1,"","",".participation[typeCode=LOC].role","OBR-24(???!!)"
"CarePlan.activity.detail.performer","CarePlan.activity.detail.performer","","Hulpverlener
ZorgverlenerMantelzorgerZorgaanbieder","",0,1,"","","","Reference {[]} {[CanonicalType[http://fhir.nl/fhir/StructureDefinition/nl-core-practitioner], CanonicalType[http://fhir.nl/fhir/StructureDefinition/nl-core-organization], CanonicalType[http://fhir.nl/fhir/StructureDefinition/nl-core-relatedperson]]}
","Aid","An aid can be a health professional such as nurses, carers and helpers but also a caregiver or healthcare provider such as a home care organization.
Either a reference to details of the health professional involved in the patient’s care, the details of the caregiver involved in the patient’s support or the details of the organization the health professional/aid works for in the event that it is not entered as a person.","A performer MAY also be a participant in the care plan.","Helps in planning of activity.","","","","","","","",,,,,"",,,,"CarePlan.activity.detail.performer",0,*,"","","NL-CM:3.2.5","NL-CM:3.2.6","NL-CM:3.2.7","NL-CM:3.2.8","Request.performer",".participation[typeCode=PFM]","PRT-5 : ( PRV-4 e {provider participations} ) / PRT-5 : ( PRV-4 e {non-provider person participations} ) / PRT-5 : ( PRV-4 = (patient non-subject of care) ) / PRT-8"
"CarePlan.activity.detail.performer.id","CarePlan.activity.detail.performer.id","","","",0,1,"","","","string {[]} {[]}
","xml:id (or equivalent in JSON)","unique id for the element within a resource (for internal references). This may be any string value that does not contain spaces.","","","","","","","","","",,,,,"",,,,"Element.id",0,1,"","","n/a"
"CarePlan.activity.detail.performer.extension","CarePlan.activity.detail.performer.extension","","","",0,*,"","","","Extension {[]} {[]}
","Extension","An Extension","","","","","","","","","",,,,,"","value:url}
","Extensions are always sliced by (at least) url",,"open","Element.extension",0,*,"",""
"CarePlan.activity.detail.performer.extension:practitionerRole","CarePlan.activity.detail.performer.extension","practitionerRole","","",0,1,"","","","Extension {[CanonicalType[http://nictiz.nl/fhir/StructureDefinition/practitionerrole-reference]]} {[]}
","Optional Extensions Element","Optional Extension Element - found in all resources.","","","","","","","","","",,,,,"",,,,"Element.extension",0,*,"","","n/a","N/A"
"CarePlan.activity.detail.performer.reference","CarePlan.activity.detail.performer.reference","","","",0,1,"","","Y","string {[]} {[]}
","Literal reference, Relative, internal or absolute URL","A reference to a location at which the other resource is found. The reference may be a relative reference, in which case it is relative to the service base URL, or an absolute URL that resolves to the location where the resource is found. The reference may be version specific or not. If the reference is not to a FHIR RESTful server, then it should be assumed to be version specific. Internal fragment references (start with '#') refer to contained resources.","Using absolute URLs provides a stable scalable approach suitable for a cloud/web context, while using relative/logical references provides a flexible approach suitable for use when trading across closed eco-system boundaries.   Absolute URLs do not need to point to a FHIR RESTful server, though this is the preferred approach. If the URL conforms to the structure ""/[type]/[id]"" then it should be assumed that the reference is to a FHIR RESTful server.","","","","","","","","",,,,,"",,,,"Reference.reference",0,1,"ref-1
","","N/A"
"CarePlan.activity.detail.performer.identifier","CarePlan.activity.detail.performer.identifier","","","",0,1,"","","Y","Identifier {[]} {[]}
","Logical reference, when literal reference is not known","An identifier for the other resource. This is used when there is no way to reference the other resource directly, either because the entity is not available through a FHIR server, or because there is no way for the author of the resource to convert a known identifier to an actual location. There is no requirement that a Reference.identifier point to something that is actually exposed as a FHIR instance, but it SHALL point to a business concept that would be expected to be exposed as a FHIR instance, and that instance would need to be of a FHIR resource type allowed by the reference.","When an identifier is provided in place of a reference, any system processing the reference will only be able to resolve the identifier to a reference if it understands the business context in which the identifier is used. Sometimes this is global (e.g. a national identifier) but often it is not. For this reason, none of the useful mechanisms described for working with references (e.g. chaining, includes) are possible, nor should servers be expected to be able resolve the reference. Servers may accept an identifier based reference untouched, resolve it, and/or reject it - see CapabilityStatement.rest.resource.referencePolicy. 

When both an identifier and a literal reference are provided, the literal reference is preferred. Applications processing the resource are allowed - but not required - to check that the identifier matches the literal reference

Applications converting a logical reference to a literal reference may choose to leave the logical reference present, or remove it.","","","","","","","","",,,,,"",,,,"Reference.identifier",0,1,"","",".identifier"
"CarePlan.activity.detail.performer.display","CarePlan.activity.detail.performer.display","","","",0,1,"","","Y","string {[]} {[]}
","Text alternative for the resource","Plain text narrative that identifies the resource in addition to the resource reference.","This is generally not the same as the Resource.text of the referenced resource.  The purpose is to identify what's being referenced, not to fully describe it.","","","","","","","","",,,,,"",,,,"Reference.display",0,1,"","","N/A"
"CarePlan.activity.detail.product[x]","CarePlan.activity.detail.product[x]","","","",0,1,"","","","CodeableConcept {[]} {[]}
Reference {[]} {[CanonicalType[http://hl7.org/fhir/StructureDefinition/Medication], CanonicalType[http://hl7.org/fhir/StructureDefinition/Substance]]}","What is to be administered/supplied","Identifies the food, drug or other product to be consumed or supplied in the activity.","","","","","","","","","",,"example","A product supplied or administered as part of a care plan activity.","http://hl7.org/fhir/ValueSet/medication-codes","",,,,"CarePlan.activity.detail.product[x]",0,1,"","",".participation[typeCode=PRD].role","RXE-2 / RXO-1 / RXD-2"
"CarePlan.activity.detail.dailyAmount","CarePlan.activity.detail.dailyAmount","","daily dose
","",0,1,"","","","Quantity {[CanonicalType[http://hl7.org/fhir/StructureDefinition/SimpleQuantity]]} {[]}
","How to consume/day?","Identifies the quantity expected to be consumed in a given day.","","Allows rough dose checking.","","","","","","","",,,,,"",,,,"CarePlan.activity.detail.dailyAmount",0,1,"","",".outboundRelationship[typeCode=COMP][classCode=SBADM].doseQuantity","RXO-23 / RXE-19 / RXD-12"
"CarePlan.activity.detail.quantity","CarePlan.activity.detail.quantity","","","",0,1,"","","","Quantity {[CanonicalType[http://hl7.org/fhir/StructureDefinition/SimpleQuantity]]} {[]}
","How much to administer/supply/consume","Identifies the quantity expected to be supplied, administered or consumed by the subject.","","","","","","","","","",,,,,"",,,,"CarePlan.activity.detail.quantity",0,1,"","",".outboundRelationship[typeCode=COMP][classCode=SPLY].quantity","RXO-11 / RXE-10 / RXD-4 / RXG-5 / RXA-6 /  TQ1-2.1  *and*  RXO-12 /  RXE-11 / RXD-5 / RXG-7 / RXA-7 / TQ1-2.2"
"CarePlan.activity.detail.description","CarePlan.activity.detail.description","","Toelichting
","",0,1,"","","","string {[]} {[]}
","Comment","A comment on the help/support the patient receives from others.","","","","","","","","","",,,,,"",,,,"CarePlan.activity.detail.description",0,1,"","","NL-CM:3.2.4","Request.note",".text","NTE?"
"CarePlan.note","CarePlan.note","","","",0,*,"","","","Annotation {[]} {[]}
","Comments about the plan","General notes about the care plan not covered elsewhere.","","Used to capture information that applies to the plan as a whole that doesn't fit into discrete elements.","","","","","","","",,,,,"",,,,"CarePlan.note",0,*,"","","Request.note",".inboundRelationship[typeCode=SUBJ].source[classCode=OBS, moodCode=EVN, code=""annotation""].value","NTE?"
