URL,Version,Status,OIDs,Name,Title,Descriptino,Uses,Used,Sources
http://decor.nictiz.nl/fhir/ValueSet/2.16.840.1.113883.2.4.3.11.60.103.11.2--20111012000000,1.3.15,active,,JournaalregelType,JournaalregelType,"Type of the SOAP encoded journal entry",,"Other"
http://decor.nictiz.nl/fhir/ValueSet/2.16.840.1.113883.2.4.3.11.60.103.11.3--20110902000000,1.3.15,active,,NHGTable14v7-ContactType,NHG tabel 14v7 - ContactType,"Type of encounter. Note: Historically, these codes have a leading zero, whereas these are omitted in the [NHG Reference Model](https://referentiemodel.nhg.org/tabellen/inkijkexemplaren).",,"hl7.fhir.r3.core,Other"
http://decor.nictiz.nl/fhir/ValueSet/2.16.840.1.113883.2.4.3.11.60.20.77.11.19--20160617101300,1.3.15,active,,Stoptype,Stoptype,"Stoptype",,"Other"
http://decor.nictiz.nl/fhir/ValueSet/2.16.840.1.113883.2.4.3.11.60.20.77.11.21--20181218104051,1.3.15,active,,RedenMedicatieafspraak,Reden wijzigen of staken,"Reden wijzigen of staken",,"SCT,hl7.fhir.r3.core,Other"
http://decor.nictiz.nl/fhir/ValueSet/2.16.840.1.113883.2.4.3.11.60.20.77.11.27--20160830202453,1.3.15,active,,GstdTabel902,G-Standaard Eenhedentabel,"G-Standaard Eenhedentabel",,"Other"
http://decor.nictiz.nl/fhir/ValueSet/2.16.840.1.113883.2.4.3.11.60.20.77.11.37--20181218104254,1.3.15,active,,RedenWijzStakenMedicatiegebruik,Reden wijzigen of staken medicatiegebruik,"Reden wijzigen of staken",,"SCT,hl7.fhir.r3.core,Other"
http://decor.nictiz.nl/fhir/ValueSet/2.16.840.1.113883.2.4.3.11.60.20.77.11.9--20160407000000,1.3.15,active,,AanvullendeGebruiksinstructie,Aanvullende gebruiksinstructie,"WCIAv3 Tabel 25 B-codes subset voor aanvullende gebruiksinstructies",,"hl7.fhir.r3.core,Other"
http://decor.nictiz.nl/fhir/ValueSet/2.16.840.1.113883.2.4.3.11.60.40.2.0.1.1--20171231000000,1.3.15,active,,GeslachtCodelijst,GeslachtCodelijst,"GeslachtCodelijst",,"hl7.fhir.r3.core"
http://decor.nictiz.nl/fhir/ValueSet/2.16.840.1.113883.2.4.3.11.60.40.2.1.1.1--20171231000000,1.3.15,active,,VerzekeringssoortCodelijst,VerzekeringssoortCodelijst,"VerzekeringssoortCodelijst",,"Other"
http://decor.nictiz.nl/fhir/ValueSet/2.16.840.1.113883.2.4.3.11.60.40.2.10.1.1--20171231000000,1.3.15,active,,ProductTypeCodelijst,ProductTypeCodelijst,"SNOMED CT - Alle waarden",,"SCT"
http://decor.nictiz.nl/fhir/ValueSet/2.16.840.1.113883.2.4.3.11.60.40.2.10.1.2--20171231000000,1.3.15,active,,HulpmiddelAnatomischeLocatieCodelijst,HulpmiddelAnatomischeLocatieCodelijst,"SNOMED CT - SNOMED CT: < 442083009 |Anatomical or acquired body structure|",,"SCT"
http://decor.nictiz.nl/fhir/ValueSet/2.16.840.1.113883.2.4.3.11.60.40.2.10.1.4--20171231000000,1.3.15,active,,MedischHulpmiddelLateraliteitCodelijst,MedischHulpmiddelLateraliteitCodelijst,"MedischHulpmiddelLateraliteitCodelijst",,"SCT"
http://decor.nictiz.nl/fhir/ValueSet/2.16.840.1.113883.2.4.3.11.60.40.2.10.2.1--20171231000000,1.3.15,active,,InfuuskatheterTypeCodelijst,InfuuskatheterTypeCodelijst,"InfuuskatheterTypeCodelijst",,"SCT,hl7.fhir.r3.core"
http://decor.nictiz.nl/fhir/ValueSet/2.16.840.1.113883.2.4.3.11.60.40.2.10.2.2--20171231000000,1.3.15,active,,LumenLocatieCodelijst,LumenLocatieCodelijst,"LumenLocatieCodelijst",,"SCT"
http://decor.nictiz.nl/fhir/ValueSet/2.16.840.1.113883.2.4.3.11.60.40.2.10.2.3--20171231000000,1.3.15,active,,LijnStatusCodelijst,LijnStatusCodelijst,"LijnStatusCodelijst",,"hl7.fhir.r3.core,Other"
http://decor.nictiz.nl/fhir/ValueSet/2.16.840.1.113883.2.4.3.11.60.40.2.10.3.1--20171231000000,1.3.15,active,,SondeTypeCodelijst,SondeTypeCodelijst,"SondeTypeCodelijst",,"SCT,hl7.fhir.r3.core"
http://decor.nictiz.nl/fhir/ValueSet/2.16.840.1.113883.2.4.3.11.60.40.2.11.1.1--20171231000000,1.3.15,active,,ProductCodePRKCodelijst,ProductCodePRKCodelijst,"G-Standaard Voorschrijfproducten (PRK) - Alle waarden",,"Other"
http://decor.nictiz.nl/fhir/ValueSet/2.16.840.1.113883.2.4.3.11.60.40.2.11.1.2--20171231000000,1.3.15,active,,ProductCodeHPKCodelijst,ProductCodeHPKCodelijst,"G-Standaard Handels Product Kode (HPK) - Alle waarden",,"Other"
http://decor.nictiz.nl/fhir/ValueSet/2.16.840.1.113883.2.4.3.11.60.40.2.11.1.3--20171231000000,1.3.15,active,,ProductCodeGPKCodelijst,ProductCodeGPKCodelijst,"G-Standaard Generieke Product Kode (GPK) - Alle waarden",,"Other"
http://decor.nictiz.nl/fhir/ValueSet/2.16.840.1.113883.2.4.3.11.60.40.2.11.1.4--20171231000000,1.3.15,active,,ProductCodeATCCodelijst,ProductCodeATCCodelijst,"Anatomic Therapeutic Classification (ATC) - Alle waarden",,"hl7.terminology.r3"
http://decor.nictiz.nl/fhir/ValueSet/2.16.840.1.113883.2.4.3.11.60.40.2.11.1.5--20171231000000,1.3.15,active,,ProductCodeGTINCodelijst,ProductCodeGTINCodelijst,"Global Trade Item Number (GTIN) - Alle waarden",,"Other"
http://decor.nictiz.nl/fhir/ValueSet/2.16.840.1.113883.2.4.3.11.60.40.2.11.1.6--20171231000000,1.3.15,active,,ProductCodeZICodelijst,ProductCodeZICodelijst,"G-Standaard Artikelen (ook KNMP-nummer, ATKODE) - Alle waarden",,"Other"
http://decor.nictiz.nl/fhir/ValueSet/2.16.840.1.113883.2.4.3.11.60.40.2.12.1.1--20171231000000,1.3.15,active,,KledingCodelijst,KledingCodelijst,"KledingCodelijst",,"Other"
http://decor.nictiz.nl/fhir/ValueSet/2.16.840.1.113883.2.4.3.11.60.40.2.12.12.1--20171231000000,1.3.15,active,,AlertheidCodelijst,AlertheidCodelijst,"AlertheidCodelijst",,"Other"
http://decor.nictiz.nl/fhir/ValueSet/2.16.840.1.113883.2.4.3.11.60.40.2.12.12.2--20171231000000,1.3.15,active,,Kalmte_AgitatieCodelijst,Kalmte_AgitatieCodelijst,"Kalmte_AgitatieCodelijst",,"Other"
http://decor.nictiz.nl/fhir/ValueSet/2.16.840.1.113883.2.4.3.11.60.40.2.12.12.3--20171231000000,1.3.15,active,,AdemhalingsreactieCodelijst,AdemhalingsreactieCodelijst,"AdemhalingsreactieCodelijst",,"Other"
http://decor.nictiz.nl/fhir/ValueSet/2.16.840.1.113883.2.4.3.11.60.40.2.12.12.5--20171231000000,1.3.15,active,,LichaamsbewegingCodelijst,LichaamsbewegingCodelijst,"LichaamsbewegingCodelijst",,"Other"
http://decor.nictiz.nl/fhir/ValueSet/2.16.840.1.113883.2.4.3.11.60.40.2.12.12.6--20171231000000,1.3.15,active,,GezichtsspanningCodelijst,GezichtsspanningCodelijst,"GezichtsspanningCodelijst",,"Other"
http://decor.nictiz.nl/fhir/ValueSet/2.16.840.1.113883.2.4.3.11.60.40.2.12.12.7--20171231000000,1.3.15,active,,SpierspanningCodelijst,SpierspanningCodelijst,"SpierspanningCodelijst",,"Other"
http://decor.nictiz.nl/fhir/ValueSet/2.16.840.1.113883.2.4.3.11.60.40.2.12.13.1--20171231000000,1.3.15,active,,GezichtCodelijst,GezichtCodelijst,"GezichtCodelijst",,"Other"
http://decor.nictiz.nl/fhir/ValueSet/2.16.840.1.113883.2.4.3.11.60.40.2.12.13.2--20171231000000,1.3.15,active,,BenenCodelijst,BenenCodelijst,"BenenCodelijst",,"Other"
http://decor.nictiz.nl/fhir/ValueSet/2.16.840.1.113883.2.4.3.11.60.40.2.12.13.3--20171231000000,1.3.15,active,,ActiviteitCodelijst,ActiviteitCodelijst,"ActiviteitCodelijst",,"Other"
http://decor.nictiz.nl/fhir/ValueSet/2.16.840.1.113883.2.4.3.11.60.40.2.12.13.4--20171231000000,1.3.15,active,,HuilenCodelijst,HuilenCodelijst,"HuilenCodelijst",,"Other"
http://decor.nictiz.nl/fhir/ValueSet/2.16.840.1.113883.2.4.3.11.60.40.2.12.13.5--20171231000000,1.3.15,active,,TroostbaarCodelijst,TroostbaarCodelijst,"TroostbaarCodelijst",,"Other"
http://decor.nictiz.nl/fhir/ValueSet/2.16.840.1.113883.2.4.3.11.60.40.2.12.14.1--20171231000000,1.3.15,active,,SchedelomvangMeetmethodeCodelijst,SchedelomvangMeetmethodeCodelijst,"SchedelomvangMeetmethodeCodelijst",,"SCT"
http://decor.nictiz.nl/fhir/ValueSet/2.16.840.1.113883.2.4.3.11.60.40.2.12.16.1--20171231000000,1.3.15,active,,AdemhalingScoreCodelijst,AdemhalingScoreCodelijst,"AdemhalingScoreCodelijst",,"LOINC"
http://decor.nictiz.nl/fhir/ValueSet/2.16.840.1.113883.2.4.3.11.60.40.2.12.16.2--20171231000000,1.3.15,active,,HartslagScoreCodelijst,HartslagScoreCodelijst,"HartslagScoreCodelijst",,"LOINC"
http://decor.nictiz.nl/fhir/ValueSet/2.16.840.1.113883.2.4.3.11.60.40.2.12.16.3--20171231000000,1.3.15,active,,SpierspanningScoreCodelijst,SpierspanningScoreCodelijst,"SpierspanningScoreCodelijst",,"LOINC"
http://decor.nictiz.nl/fhir/ValueSet/2.16.840.1.113883.2.4.3.11.60.40.2.12.16.4--20171231000000,1.3.15,active,,HuidskleurScoreCodelijst,HuidskleurScoreCodelijst,"HuidskleurScoreCodelijst",,"LOINC"
http://decor.nictiz.nl/fhir/ValueSet/2.16.840.1.113883.2.4.3.11.60.40.2.12.16.5--20171231000000,1.3.15,active,,ReflexenScoreCodelijst,ReflexenScoreCodelijst,"ReflexenScoreCodelijst",,"LOINC"
http://decor.nictiz.nl/fhir/ValueSet/2.16.840.1.113883.2.4.3.11.60.40.2.12.3.1--20171231000000,1.3.15,active,,HartslagRegelmatigheidCodelijst,HartslagRegelmatigheidCodelijst,"HartslagRegelmatigheidCodelijst",,"SCT"
http://decor.nictiz.nl/fhir/ValueSet/2.16.840.1.113883.2.4.3.11.60.40.2.12.3.2--20171231000000,1.3.15,active,,HartslagMeetMethodeCodelijst,HartslagMeetMethodeCodelijst,"HartslagMeetMethodeCodelijst",,"SCT"
http://decor.nictiz.nl/fhir/ValueSet/2.16.840.1.113883.2.4.3.11.60.40.2.12.4.1--20171231000000,1.3.15,active,,MeetmethodeCodelijst,MeetmethodeCodelijst,"MeetmethodeCodelijst",,"SCT"
http://decor.nictiz.nl/fhir/ValueSet/2.16.840.1.113883.2.4.3.11.60.40.2.12.4.2--20171231000000,1.3.15,active,,DiastolischEindpuntCodelijst,DiastolischEindpuntCodelijst,"DiastolischEindpuntCodelijst",,"SCT"
http://decor.nictiz.nl/fhir/ValueSet/2.16.840.1.113883.2.4.3.11.60.40.2.12.4.3--20171231000000,1.3.15,active,,ManchetTypeCodelijst,ManchetTypeCodelijst,"ManchetTypeCodelijst",,"Other"
http://decor.nictiz.nl/fhir/ValueSet/2.16.840.1.113883.2.4.3.11.60.40.2.12.4.4--20171231000000,1.3.15,active,,MeetLocatieCodelijst,MeetLocatieCodelijst,"MeetLocatieCodelijst",,"SCT"
http://decor.nictiz.nl/fhir/ValueSet/2.16.840.1.113883.2.4.3.11.60.40.2.12.4.5--20171231000000,1.3.15,active,,HoudingCodelijst,HoudingCodelijst,"HoudingCodelijst",,"SCT"
http://decor.nictiz.nl/fhir/ValueSet/2.16.840.1.113883.2.4.3.11.60.40.2.12.5.1--20171231000000,1.3.15,active,,RitmeCodelijst,RitmeCodelijst,"RitmeCodelijst",,"SCT"
http://decor.nictiz.nl/fhir/ValueSet/2.16.840.1.113883.2.4.3.11.60.40.2.12.5.2--20171231000000,1.3.15,active,,DiepteCodelijst,DiepteCodelijst,"DiepteCodelijst",,"SCT"
http://decor.nictiz.nl/fhir/ValueSet/2.16.840.1.113883.2.4.3.11.60.40.2.12.5.3--20171231000000,1.3.15,active,,AfwijkendAdemhalingspatroonCodelijst,AfwijkendAdemhalingspatroonCodelijst,"AfwijkendAdemhalingspatroonCodelijst",,"SCT,hl7.fhir.r3.core"
http://decor.nictiz.nl/fhir/ValueSet/2.16.840.1.113883.2.4.3.11.60.40.2.12.5.4--20171231000000,1.3.15,active,,ToedieningHulpmiddelCodelijst,ToedieningHulpmiddelCodelijst,"ToedieningHulpmiddelCodelijst",,"SCT,hl7.fhir.r3.core"
http://decor.nictiz.nl/fhir/ValueSet/2.16.840.1.113883.2.4.3.11.60.40.2.12.6.1--20171231000000,1.3.15,active,,TemperatuurTypeCodelijst,TemperatuurTypeCodelijst,"TemperatuurTypeCodelijst",,"SCT"
http://decor.nictiz.nl/fhir/ValueSet/2.16.840.1.113883.2.4.3.11.60.40.2.12.7.1--20171231000000,1.3.15,active,,PolsRegelmatigheidCodelijst,PolsRegelmatigheidCodelijst,"PolsRegelmatigheidCodelijst",,"SCT"
http://decor.nictiz.nl/fhir/ValueSet/2.16.840.1.113883.2.4.3.11.60.40.2.12.9.1--20171231000000,1.3.15,active,,PijnMeetmethodeCodelijst,PijnMeetmethodeCodelijst,"PijnMeetmethodeCodelijst",,"Other"
http://decor.nictiz.nl/fhir/ValueSet/2.16.840.1.113883.2.4.3.11.60.40.2.12.9.2--20171231000000,1.3.15,active,,PijnAnatomischeLocatieCodelijst,PijnAnatomischeLocatieCodelijst,"SNOMED CT - SNOMED CT: < 442083009 |Anatomical or acquired body structure|",,"SCT"
http://decor.nictiz.nl/fhir/ValueSet/2.16.840.1.113883.2.4.3.11.60.40.2.12.9.3--20171231000000,1.3.15,active,,PijnLateraliteitCodelijst,PijnLateraliteitCodelijst,"PijnLateraliteitCodelijst",,"SCT"
http://decor.nictiz.nl/fhir/ValueSet/2.16.840.1.113883.2.4.3.11.60.40.2.13.1.1--20171231000000,1.3.15,active,,ResultaatTypeCodelijst,ResultaatTypeCodelijst,"ResultaatTypeCodelijst",,"SCT"
http://decor.nictiz.nl/fhir/ValueSet/2.16.840.1.113883.2.4.3.11.60.40.2.13.1.10--20171231000000,1.3.15,active,,MicroorganismeCodelijst,MicroorganismeCodelijst,"SNOMED CT - SNOMED CT: ^2581000146104 |simpele referentieset voor micro-organismen (foundation metadata concept)|",,"SCT"
http://decor.nictiz.nl/fhir/ValueSet/2.16.840.1.113883.2.4.3.11.60.40.2.13.1.11--20171231000000,1.3.15,active,,MonsterAnatomischeLocatieCodelijst,MonsterAnatomischeLocatieCodelijst,"SNOMED CT - SNOMED CT: < 442083009 |Anatomical or acquired body structure|",,"SCT"
http://decor.nictiz.nl/fhir/ValueSet/2.16.840.1.113883.2.4.3.11.60.40.2.13.1.12--20171231000000,1.3.15,active,,LateraliteitCodelijst,LateraliteitCodelijst,"LateraliteitCodelijst",,"SCT"
http://decor.nictiz.nl/fhir/ValueSet/2.16.840.1.113883.2.4.3.11.60.40.2.13.1.13--20171231000000,1.3.15,active,,MorfologieCodelijst,MorfologieCodelijst,"SNOMED CT - SNOMED CT: < 49755003 |Morphologically abnormal structure|",,"SCT"
http://decor.nictiz.nl/fhir/ValueSet/2.16.840.1.113883.2.4.3.11.60.40.2.13.1.2--20171231000000,1.3.15,active,,AfnameprocedureCodelijst,AfnameprocedureCodelijst,"SNOMED CT - SNOMED CT: <71388002| verrichting (verrichting)|(alle concepten onder procedure)",,"SCT"
http://decor.nictiz.nl/fhir/ValueSet/2.16.840.1.113883.2.4.3.11.60.40.2.13.1.3--20171231000000,1.3.15,active,,TestCodeCodelijst,TestCodeCodelijst,"LOINC - Alle waarden",,"LOINC"
http://decor.nictiz.nl/fhir/ValueSet/2.16.840.1.113883.2.4.3.11.60.40.2.13.1.4--20171231000000,1.3.15,active,,TestmethodeCodelijst,TestmethodeCodelijst,"SNOMED CT - SNOMED CT: < 272394005 |Technique (qualifier value)|",,"SCT"
http://decor.nictiz.nl/fhir/ValueSet/2.16.840.1.113883.2.4.3.11.60.40.2.13.1.5--20171231000000,1.3.15,active,,OnderzoekCodelijst,OnderzoekCodelijst,"LOINC - Alle waarden",,"LOINC"
http://decor.nictiz.nl/fhir/ValueSet/2.16.840.1.113883.2.4.3.11.60.40.2.13.1.6--20171231000000,1.3.15,active,,MonstermateriaalCodelijst,MonstermateriaalCodelijst,"SNOMED CT - SNOMED CT: < 105590001 |substantie|",,"SCT"
http://decor.nictiz.nl/fhir/ValueSet/2.16.840.1.113883.2.4.3.11.60.40.2.13.1.7--20171231000000,1.3.15,active,,InterpretatieVlaggenCodelijst,InterpretatieVlaggenCodelijst,"InterpretatieVlaggenCodelijst",,"SCT"
http://decor.nictiz.nl/fhir/ValueSet/2.16.840.1.113883.2.4.3.11.60.40.2.13.1.8--20171231000000,1.3.15,active,,ResultaatStatusCodelijst,ResultaatStatusCodelijst,"ResultaatStatusCodelijst",,"Other"
http://decor.nictiz.nl/fhir/ValueSet/2.16.840.1.113883.2.4.3.11.60.40.2.13.1.9--20171231000000,1.3.15,active,,ContainerTypeCodelijst,ContainerTypeCodelijst,"SNOMED CT - SNOMED CT: < 434711009 |Specimen container (physical object)|",,"SCT"
http://decor.nictiz.nl/fhir/ValueSet/2.16.840.1.113883.2.4.3.11.60.40.2.13.2.1--20171231000000,1.3.15,active,,TekstUitslagTypeCodelijst,TekstUitslagTypeCodelijst,"TekstUitslagTypeCodelijst",,"SCT"
http://decor.nictiz.nl/fhir/ValueSet/2.16.840.1.113883.2.4.3.11.60.40.2.13.2.2--20171231000000,1.3.15,active,,TekstStatusCodelijst,TekstStatusCodelijst,"TekstStatusCodelijst",,"Other"
http://decor.nictiz.nl/fhir/ValueSet/2.16.840.1.113883.2.4.3.11.60.40.2.13.3.2--20171231000000,1.3.15,active,,MetingNaamCodelijst,MetingNaamCodelijst,"SNOMED CT - Alle waarden",,"SCT"
http://decor.nictiz.nl/fhir/ValueSet/2.16.840.1.113883.2.4.3.11.60.40.2.13.3.3--20171231000000,1.3.15,active,,OnderzoekCodelijst,OnderzoekCodelijst,"SNOMED CT - Alle waarden",,"SCT"
http://decor.nictiz.nl/fhir/ValueSet/2.16.840.1.113883.2.4.3.11.60.40.2.13.3.4--20171231000000,1.3.15,active,,MeetmethodeCodelijst,MeetmethodeCodelijst,"SNOMED CT - Alle waarden",,"SCT"
http://decor.nictiz.nl/fhir/ValueSet/2.16.840.1.113883.2.4.3.11.60.40.2.14.1.1--20171231000000,1.3.15,active,,VerrichtingAnatomischeLocatieCodelijst,VerrichtingAnatomischeLocatieCodelijst,"SNOMED CT - SNOMED CT: < 442083009 |Anatomical or acquired body structure|",,"SCT"
http://decor.nictiz.nl/fhir/ValueSet/2.16.840.1.113883.2.4.3.11.60.40.2.14.1.2--20171231000000,1.3.15,active,,VerrichtingTypeCodelijst,VerrichtingTypeCodelijst,"SNOMED CT - Alle waarden binnen de SNOMED CT referentieset Verrichtingenthesaurus DHD (was: 2.16.840.1.113883.2.4.3.120.5.2)",,"SCT"
http://decor.nictiz.nl/fhir/ValueSet/2.16.840.1.113883.2.4.3.11.60.40.2.14.1.3--20171231000000,1.3.15,active,,VerrichtingLateraliteitCodelijst,VerrichtingLateraliteitCodelijst,"VerrichtingLateraliteitCodelijst",,"SCT"
http://decor.nictiz.nl/fhir/ValueSet/2.16.840.1.113883.2.4.3.11.60.40.2.14.1.4--20171231000000,1.3.15,active,,VerrichtingMethodeCodelijst,VerrichtingMethodeCodelijst,"SNOMED CT - SNOMED CT: < 129264002 |Action (qualifier value)|",,"SCT"
http://decor.nictiz.nl/fhir/ValueSet/2.16.840.1.113883.2.4.3.11.60.40.2.14.2.2--20171231000000,1.3.15,active,,InterventieNICCodelijst,InterventieNICCodelijst,"NIC - Alle waarden",,"Other"
http://decor.nictiz.nl/fhir/ValueSet/2.16.840.1.113883.2.4.3.11.60.40.2.14.2.4--20171231000000,1.3.15,active,,InterventieSnomedCodelijst,InterventieSnomedCodelijst,"SNOMED CT - SNOMED CT: <<71388002 | procedure |",,"SCT"
http://decor.nictiz.nl/fhir/ValueSet/2.16.840.1.113883.2.4.3.11.60.40.2.14.3.1--20171231000000,1.3.15,active,,ToestemmingCodelijst,ToestemmingCodelijst,"ToestemmingCodelijst",,"Other"
http://decor.nictiz.nl/fhir/ValueSet/2.16.840.1.113883.2.4.3.11.60.40.2.14.3.2--20171231000000,1.3.15,active,,JuridischeStatusCodelijst,JuridischeStatusCodelijst,"JuridischeStatusCodelijst",,"Other"
http://decor.nictiz.nl/fhir/ValueSet/2.16.840.1.113883.2.4.3.11.60.40.2.14.3.3--20171231000000,1.3.15,active,,SoortInterventieCodelijst,SoortInterventieCodelijst,"SoortInterventieCodelijst",,"SCT,hl7.fhir.r3.core"
http://decor.nictiz.nl/fhir/ValueSet/2.16.840.1.113883.2.4.3.11.60.40.2.14.3.4--20171231000000,1.3.15,active,,ArgusInterventieCodelijst,ArgusInterventieCodelijst,"ArgusInterventieCodelijst",,"Other"
http://decor.nictiz.nl/fhir/ValueSet/2.16.840.1.113883.2.4.3.11.60.40.2.14.3.5--20171231000000,1.3.15,active,,ArgusInstemmingCodelijst,ArgusInstemmingCodelijst,"ArgusInstemmingCodelijst",,"Other"
http://decor.nictiz.nl/fhir/ValueSet/2.16.840.1.113883.2.4.3.11.60.40.2.15.1.1--20171231000000,1.3.15,active,,ContactTypeCodelijst,ContactTypeCodelijst,"ContactTypeCodelijst",,"hl7.fhir.r3.core"
http://decor.nictiz.nl/fhir/ValueSet/2.16.840.1.113883.2.4.3.11.60.40.2.15.1.2--20171231000000,1.3.15,active,,HerkomstCodelijst,HerkomstCodelijst,"HerkomstCodelijst",,"SCT,hl7.fhir.r3.core"
http://decor.nictiz.nl/fhir/ValueSet/2.16.840.1.113883.2.4.3.11.60.40.2.15.1.3--20171231000000,1.3.15,active,,BestemmingCodelijst,BestemmingCodelijst,"BestemmingCodelijst",,"SCT,hl7.fhir.r3.core"
http://decor.nictiz.nl/fhir/ValueSet/2.16.840.1.113883.2.4.3.11.60.40.2.16.1.2--20171231000000,1.3.15,active,,OrderStatusCodelijst,OrderStatusCodelijst,"OrderStatusCodelijst",,"SCT,hl7.fhir.r3.core"
http://decor.nictiz.nl/fhir/ValueSet/2.16.840.1.113883.2.4.3.11.60.40.2.17.1.5--20171231000000,1.3.15,active,,ZorgverlenerRolCodelijst,ZorgverlenerRolCodelijst,"ZorgverlenerRolCodelijst",,"hl7.fhir.r3.core"
http://decor.nictiz.nl/fhir/ValueSet/2.16.840.1.113883.2.4.3.11.60.40.2.17.1.6--20171231000000,1.3.15,active,,SpecialismeUZICodelijst,SpecialismeUZICodelijst,"RoleCodeNL (Zorgverlenertype (personen)) - Alle waarden",,"Other"
http://decor.nictiz.nl/fhir/ValueSet/2.16.840.1.113883.2.4.3.11.60.40.2.17.1.7--20171231000000,1.3.15,active,,SpecialismeAGBCodelijst,SpecialismeAGBCodelijst,"COD016-VEKT (Vektis AGB-medische specialismen) - Alle waarden",,"Other"
http://decor.nictiz.nl/fhir/ValueSet/2.16.840.1.113883.2.4.3.11.60.40.2.17.2.3--20171231000000,1.3.15,active,,OrganisatieTypeCodelijst,OrganisatieTypeCodelijst,"OrganisatieTypeCodelijst",,"Other"
http://decor.nictiz.nl/fhir/ValueSet/2.16.840.1.113883.2.4.3.11.60.40.2.17.2.4--20171231000000,1.3.15,active,,AfdelingSpecialismeCodelijst,AfdelingSpecialismeCodelijst,"COD016-VEKT (Vektis AGB-medische specialismen) - Alle waarden",,"Other"
http://decor.nictiz.nl/fhir/ValueSet/2.16.840.1.113883.2.4.3.11.60.40.2.19.1.1--20171231000000,1.3.15,active,,DecubitusCategorieCodelijst,DecubitusCategorieCodelijst,"DecubitusCategorieCodelijst",,"SCT"
http://decor.nictiz.nl/fhir/ValueSet/2.16.840.1.113883.2.4.3.11.60.40.2.19.1.2--20171231000000,1.3.15,active,,DecubitusAnatomischeLocatieCodelijst,DecubitusAnatomischeLocatieCodelijst,"SNOMED CT - SNOMED CT: < 442083009 |Anatomical or acquired body structure|",,"SCT"
http://decor.nictiz.nl/fhir/ValueSet/2.16.840.1.113883.2.4.3.11.60.40.2.19.1.3--20171231000000,1.3.15,active,,DecubitusWondLateraliteitCodelijst,DecubitusWondLateraliteitCodelijst,"DecubitusWondLateraliteitCodelijst",,"SCT"
http://decor.nictiz.nl/fhir/ValueSet/2.16.840.1.113883.2.4.3.11.60.40.2.19.2.1--20171231000000,1.3.15,active,,WondWeefselWCSCodelijst,WondWeefselWCSCodelijst,"WondWeefselWCSCodelijst",,"Other"
http://decor.nictiz.nl/fhir/ValueSet/2.16.840.1.113883.2.4.3.11.60.40.2.19.2.2--20171231000000,1.3.15,active,,WondWeefselOncoUlcerCodelijst,WondWeefselOncoUlcerCodelijst,"WondWeefselOncoUlcerCodelijst",,"Other"
http://decor.nictiz.nl/fhir/ValueSet/2.16.840.1.113883.2.4.3.11.60.40.2.19.2.3--20171231000000,1.3.15,active,,WondVochtigheidCodelijst,WondVochtigheidCodelijst,"WondVochtigheidCodelijst",,"Other"
http://decor.nictiz.nl/fhir/ValueSet/2.16.840.1.113883.2.4.3.11.60.40.2.19.2.4--20171231000000,1.3.15,active,,WondSoortCodelijst,WondSoortCodelijst,"WondSoortCodelijst",,"SCT,hl7.fhir.r3.core"
http://decor.nictiz.nl/fhir/ValueSet/2.16.840.1.113883.2.4.3.11.60.40.2.19.2.5--20171231000000,1.3.15,active,,WondRandCodelijst,WondRandCodelijst,"WondRandCodelijst",,"SCT,hl7.fhir.r3.core"
http://decor.nictiz.nl/fhir/ValueSet/2.16.840.1.113883.2.4.3.11.60.40.2.19.2.6--20171231000000,1.3.15,active,,WondAnatomischeLocatieCodelijst,WondAnatomischeLocatieCodelijst,"SNOMED CT - SNOMED CT: < 442083009 |Anatomical or acquired body structure|",,"SCT"
http://decor.nictiz.nl/fhir/ValueSet/2.16.840.1.113883.2.4.3.11.60.40.2.19.2.7--20171231000000,1.3.15,active,,WondDrainTypeCodelijst,WondDrainTypeCodelijst,"SNOMED CT - SNOMED CT: << 32712000| drain |",,"SCT"
http://decor.nictiz.nl/fhir/ValueSet/2.16.840.1.113883.2.4.3.11.60.40.2.19.2.8--20171231000000,1.3.15,active,,WondLateraliteitCodelijst,WondLateraliteitCodelijst,"WondLateraliteitCodelijst",,"SCT"
http://decor.nictiz.nl/fhir/ValueSet/2.16.840.1.113883.2.4.3.11.60.40.2.19.3.1--20171231000000,1.3.15,active,,SoortAandoeningCodelijst,SoortAandoeningCodelijst,"SoortAandoeningCodelijst",,"SCT,hl7.fhir.r3.core"
http://decor.nictiz.nl/fhir/ValueSet/2.16.840.1.113883.2.4.3.11.60.40.2.19.3.2--20171231000000,1.3.15,active,,HuidAnatomischeLocatieCodelijst,HuidAnatomischeLocatieCodelijst,"SNOMED CT - SNOMED CT: < 442083009 |Anatomical or acquired body structure|",,"SCT"
http://decor.nictiz.nl/fhir/ValueSet/2.16.840.1.113883.2.4.3.11.60.40.2.19.3.3--20171231000000,1.3.15,active,,HuidLateraliteitCodelijst,HuidLateraliteitCodelijst,"HuidLateraliteitCodelijst",,"SCT"
http://decor.nictiz.nl/fhir/ValueSet/2.16.840.1.113883.2.4.3.11.60.40.2.19.4.1--20171231000000,1.3.15,active,,DieptegraadCodelijst,DieptegraadCodelijst,"DieptegraadCodelijst",,"SCT"
http://decor.nictiz.nl/fhir/ValueSet/2.16.840.1.113883.2.4.3.11.60.40.2.19.4.2--20171231000000,1.3.15,active,,BrandwondAnatomischeLocatieCodelijst,BrandwondAnatomischeLocatieCodelijst,"SNOMED CT - SNOMED CT: < 442083009 |Anatomical or acquired body structure|",,"SCT"
http://decor.nictiz.nl/fhir/ValueSet/2.16.840.1.113883.2.4.3.11.60.40.2.19.4.3--20171231000000,1.3.15,active,,BrandwondSoortCodelijst,BrandwondSoortCodelijst,"BrandwondSoortCodelijst",,"SCT"
http://decor.nictiz.nl/fhir/ValueSet/2.16.840.1.113883.2.4.3.11.60.40.2.19.4.4--20171231000000,1.3.15,active,,BrandwondLateraliteitCodelijst,BrandwondLateraliteitCodelijst,"BrandwondLateraliteitCodelijst",,"SCT"
http://decor.nictiz.nl/fhir/ValueSet/2.16.840.1.113883.2.4.3.11.60.40.2.2.1.1--20171231000000,1.3.15,active,,BehandelingCodelijst,BehandelingCodelijst,"BehandelingCodelijst",,"SCT,hl7.fhir.r3.core"
http://decor.nictiz.nl/fhir/ValueSet/2.16.840.1.113883.2.4.3.11.60.40.2.2.1.2--20171231000000,1.3.15,active,,BehandelingToegestaanCodelijst,BehandelingToegestaanCodelijst,"BehandelingToegestaanCodelijst",,"Other"
http://decor.nictiz.nl/fhir/ValueSet/2.16.840.1.113883.2.4.3.11.60.40.2.2.1.4--20171231000000,1.3.15,active,,GeverifieerdBijCodelijst,GeverifieerdBijCodelijst,"GeverifieerdBijCodelijst",,"SCT,hl7.fhir.r3.core"
http://decor.nictiz.nl/fhir/ValueSet/2.16.840.1.113883.2.4.3.11.60.40.2.20.4.1--20171231000000,1.3.15,active,,NaamgebruikCodelijst,NaamgebruikCodelijst,"NaamgebruikCodelijst",,"hl7.fhir.r3.core,Other"
http://decor.nictiz.nl/fhir/ValueSet/2.16.840.1.113883.2.4.3.11.60.40.2.20.5.1--20171231000000,1.3.15,active,,LandGBACodelijst,LandGBACodelijst,"GBA Tabel 34 (Landentabel) - Alle waarden",,"Other"
http://decor.nictiz.nl/fhir/ValueSet/2.16.840.1.113883.2.4.3.11.60.40.2.20.5.2--20171231000000,1.3.15,active,,LandISOCodelijst,LandISOCodelijst,"ISO 3166-1 (alpha-2) - Alle waarden",,"hl7.terminology.r3"
http://decor.nictiz.nl/fhir/ValueSet/2.16.840.1.113883.2.4.3.11.60.40.2.20.5.3--20171231000000,1.3.15,active,,AdresSoortCodelijst,AdresSoortCodelijst,"AdresSoortCodelijst",,"hl7.fhir.r3.core"
http://decor.nictiz.nl/fhir/ValueSet/2.16.840.1.113883.2.4.3.11.60.40.2.20.6.1--20171231000000,1.3.15,active,,TelecomTypeCodelijst,TelecomTypeCodelijst,"TelecomTypeCodelijst",,"hl7.fhir.r3.core,Other"
http://decor.nictiz.nl/fhir/ValueSet/2.16.840.1.113883.2.4.3.11.60.40.2.20.6.2--20171231000000,1.3.15,active,,NummerSoortCodelijst,NummerSoortCodelijst,"NummerSoortCodelijst",,"hl7.fhir.r3.core"
http://decor.nictiz.nl/fhir/ValueSet/2.16.840.1.113883.2.4.3.11.60.40.2.20.6.3--20171231000000,1.3.15,active,,EmailSoortCodelijst,EmailSoortCodelijst,"EmailSoortCodelijst",,"hl7.fhir.r3.core"
http://decor.nictiz.nl/fhir/ValueSet/2.16.840.1.113883.2.4.3.11.60.40.2.3.1.1--20171231000000,1.3.15,active,,RelatieCodelijst,RelatieCodelijst,"RelatieCodelijst",,"hl7.fhir.r3.core"
http://decor.nictiz.nl/fhir/ValueSet/2.16.840.1.113883.2.4.3.11.60.40.2.3.1.2--20171231000000,1.3.15,active,,RolCodelijst,RolCodelijst,"RolCodelijst",,"Other"
http://decor.nictiz.nl/fhir/ValueSet/2.16.840.1.113883.2.4.3.11.60.40.2.3.2.1--20171231000000,1.3.15,active,,SoortHulpCodelijst,SoortHulpCodelijst,"SoortHulpCodelijst",,"SCT"
http://decor.nictiz.nl/fhir/ValueSet/2.16.840.1.113883.2.4.3.11.60.40.2.4.10.1--20171231000000,1.3.15,active,,ZichWassenCodelijst,ZichWassenCodelijst,"ZichWassenCodelijst",,"SCT"
http://decor.nictiz.nl/fhir/ValueSet/2.16.840.1.113883.2.4.3.11.60.40.2.4.10.2--20171231000000,1.3.15,active,,TeWassenLichaamsdeelCodelijst,TeWassenLichaamsdeelCodelijst,"TeWassenLichaamsdeelCodelijst",,"SCT"
http://decor.nictiz.nl/fhir/ValueSet/2.16.840.1.113883.2.4.3.11.60.40.2.4.11.1--20171231000000,1.3.15,active,,ZichKledenCodelijst,ZichKledenCodelijst,"ZichKledenCodelijst",,"SCT"
http://decor.nictiz.nl/fhir/ValueSet/2.16.840.1.113883.2.4.3.11.60.40.2.4.11.2--20171231000000,1.3.15,active,,TeKledenLichaamsdeelCodelijst,TeKledenLichaamsdeelCodelijst,"TeKledenLichaamsdeelCodelijst",,"SCT"
http://decor.nictiz.nl/fhir/ValueSet/2.16.840.1.113883.2.4.3.11.60.40.2.4.13.1--20171231000000,1.3.15,active,,VerzorgenTandenCodelijst,VerzorgenTandenCodelijst,"VerzorgenTandenCodelijst",,"SCT"
http://decor.nictiz.nl/fhir/ValueSet/2.16.840.1.113883.2.4.3.11.60.40.2.4.13.2--20171231000000,1.3.15,active,,ProtheseTypeCodelijst,ProtheseTypeCodelijst,"ProtheseTypeCodelijst",,"SCT"
http://decor.nictiz.nl/fhir/ValueSet/2.16.840.1.113883.2.4.3.11.60.40.2.4.14.1--20171231000000,1.3.15,active,,UrineContinentieCodelijst,UrineContinentieCodelijst,"UrineContinentieCodelijst",,"SCT"
http://decor.nictiz.nl/fhir/ValueSet/2.16.840.1.113883.2.4.3.11.60.40.2.4.14.2--20171231000000,1.3.15,active,,UrineKatheterTypeCodelijst,UrineKatheterTypeCodelijst,"UrineKatheterTypeCodelijst",,"SCT,hl7.fhir.r3.core"
http://decor.nictiz.nl/fhir/ValueSet/2.16.840.1.113883.2.4.3.11.60.40.2.4.15.1--20171231000000,1.3.15,active,,FecesContinentieCodelijst,FecesContinentieCodelijst,"FecesContinentieCodelijst",,"SCT"
http://decor.nictiz.nl/fhir/ValueSet/2.16.840.1.113883.2.4.3.11.60.40.2.4.15.2--20171231000000,1.3.15,active,,DefecatieConsistentieCodelijst,DefecatieConsistentieCodelijst,"DefecatieConsistentieCodelijst",,"Other"
http://decor.nictiz.nl/fhir/ValueSet/2.16.840.1.113883.2.4.3.11.60.40.2.4.15.5--20171231000000,1.3.15,active,,DefecatieKleurCodelijst,DefecatieKleurCodelijst,"DefecatieKleurCodelijst",,"SCT"
http://decor.nictiz.nl/fhir/ValueSet/2.16.840.1.113883.2.4.3.11.60.40.2.4.16.1--20171231000000,1.3.15,active,,VisueleFunctieCodelijst,VisueleFunctieCodelijst,"VisueleFunctieCodelijst",,"SCT"
http://decor.nictiz.nl/fhir/ValueSet/2.16.840.1.113883.2.4.3.11.60.40.2.4.16.2--20171231000000,1.3.15,active,,ZienHulpmiddelTypeCodelijst,ZienHulpmiddelTypeCodelijst,"ZienHulpmiddelTypeCodelijst",,"SCT,hl7.fhir.r3.core,Other"
http://decor.nictiz.nl/fhir/ValueSet/2.16.840.1.113883.2.4.3.11.60.40.2.4.17.1--20171231000000,1.3.15,active,,HoorFunctieCodelijst,HoorFunctieCodelijst,"HoorFunctieCodelijst",,"SCT"
http://decor.nictiz.nl/fhir/ValueSet/2.16.840.1.113883.2.4.3.11.60.40.2.4.17.2--20171231000000,1.3.15,active,,HorenHulpmiddelTypeCodelijst,HorenHulpmiddelTypeCodelijst,"HorenHulpmiddelTypeCodelijst",,"SCT,Other"
http://decor.nictiz.nl/fhir/ValueSet/2.16.840.1.113883.2.4.3.11.60.40.2.4.17.3--20171231000000,1.3.15,active,,LocatieGehoorapparaatCodelijst,LocatieGehoorapparaatCodelijst,"LocatieGehoorapparaatCodelijst",,"SCT"
http://decor.nictiz.nl/fhir/ValueSet/2.16.840.1.113883.2.4.3.11.60.40.2.4.22.3--20171231000000,1.3.15,active,,ZorgBijMenstruatieCodelijst,ZorgBijMenstruatieCodelijst,"ZorgBijMenstruatieCodelijst",,"SCT"
http://decor.nictiz.nl/fhir/ValueSet/2.16.840.1.113883.2.4.3.11.60.40.2.4.22.4--20171231000000,1.3.15,active,,ToiletgebruikCodelijst,ToiletgebruikCodelijst,"ToiletgebruikCodelijst",,"SCT"
http://decor.nictiz.nl/fhir/ValueSet/2.16.840.1.113883.2.4.3.11.60.40.2.4.26.1--20171231000000,1.3.15,active,,StatusNaamOMAHACodelijst,StatusNaamOMAHACodelijst,"OMAHA - Alle waarden",,"Other"
http://decor.nictiz.nl/fhir/ValueSet/2.16.840.1.113883.2.4.3.11.60.40.2.4.26.2--20171231000000,1.3.15,active,,StatusNaamNOCCodelijst,StatusNaamNOCCodelijst,"NOC - Alle waarden",,"Other"
http://decor.nictiz.nl/fhir/ValueSet/2.16.840.1.113883.2.4.3.11.60.40.2.4.26.3--20171231000000,1.3.15,active,,StatusNaamICFCodelijst,StatusNaamICFCodelijst,"ICF - Alle waarden",,"hl7.terminology.r3"
http://decor.nictiz.nl/fhir/ValueSet/2.16.840.1.113883.2.4.3.11.60.40.2.4.26.4--20171231000000,1.3.15,active,,StatusNaamSnomedCodelijst,StatusNaamSnomedCodelijst,"SNOMED CT - Alle waarden",,"SCT"
http://decor.nictiz.nl/fhir/ValueSet/2.16.840.1.113883.2.4.3.11.60.40.2.4.26.5--20171231000000,1.3.15,active,,StatusWaardeOMAHACodelijst,StatusWaardeOMAHACodelijst,"OMAHA - Alle waarden",,"Other"
http://decor.nictiz.nl/fhir/ValueSet/2.16.840.1.113883.2.4.3.11.60.40.2.4.26.6--20171231000000,1.3.15,active,,StatusWaardeICFCodelijst,StatusWaardeICFCodelijst,"ICF - Alle waarden",,"hl7.terminology.r3"
http://decor.nictiz.nl/fhir/ValueSet/2.16.840.1.113883.2.4.3.11.60.40.2.4.26.7--20171231000000,1.3.15,active,,StatusWaardeNOCCodelijst,StatusWaardeNOCCodelijst,"NOC - Alle waarden",,"Other"
http://decor.nictiz.nl/fhir/ValueSet/2.16.840.1.113883.2.4.3.11.60.40.2.4.26.8--20171231000000,1.3.15,active,,StatusWaardeSnomedCodelijst,StatusWaardeSnomedCodelijst,"SNOMED CT - Alle waarden",,"SCT"
http://decor.nictiz.nl/fhir/ValueSet/2.16.840.1.113883.2.4.3.11.60.40.2.4.28.1--20171231000000,1.3.15,active,,SKGewichtsverliesScoreCodelijst,SKGewichtsverliesScoreCodelijst,"SKGewichtsverliesScoreCodelijst",,"Other"
http://decor.nictiz.nl/fhir/ValueSet/2.16.840.1.113883.2.4.3.11.60.40.2.4.28.2--20171231000000,1.3.15,active,,SKZiektebeeldScoreCodelijst,SKZiektebeeldScoreCodelijst,"SKZiektebeeldScoreCodelijst",,"Other"
http://decor.nictiz.nl/fhir/ValueSet/2.16.840.1.113883.2.4.3.11.60.40.2.4.28.3--20171231000000,1.3.15,active,,SKVoedingsScoreCodelijst,SKVoedingsScoreCodelijst,"SKVoedingsScoreCodelijst",,"Other"
http://decor.nictiz.nl/fhir/ValueSet/2.16.840.1.113883.2.4.3.11.60.40.2.4.28.4--20171231000000,1.3.15,active,,SKVoedingstoestandCodelijst,SKVoedingstoestandCodelijst,"SKVoedingstoestandCodelijst",,"Other"
http://decor.nictiz.nl/fhir/ValueSet/2.16.840.1.113883.2.4.3.11.60.40.2.4.29.1--20171231000000,1.3.15,active,,SNAQrcGewichtsverliesScoreCodelijst,SNAQrcGewichtsverliesScoreCodelijst,"SNAQrcGewichtsverliesScoreCodelijst",,"Other"
http://decor.nictiz.nl/fhir/ValueSet/2.16.840.1.113883.2.4.3.11.60.40.2.4.29.2--20171231000000,1.3.15,active,,SNAQrcEetlustScoreCodelijst,SNAQrcEetlustScoreCodelijst,"SNAQrcEetlustScoreCodelijst",,"Other"
http://decor.nictiz.nl/fhir/ValueSet/2.16.840.1.113883.2.4.3.11.60.40.2.4.29.3--20171231000000,1.3.15,active,,SNAQrcBMIScoreCodelijst,SNAQrcBMIScoreCodelijst,"SNAQrcBMIScoreCodelijst",,"Other"
http://decor.nictiz.nl/fhir/ValueSet/2.16.840.1.113883.2.4.3.11.60.40.2.4.29.4--20171231000000,1.3.15,active,,SNAQrcHulpBijEtenCodelijst,SNAQrcHulpBijEtenCodelijst,"SNAQrcHulpBijEtenCodelijst",,"SCT"
http://decor.nictiz.nl/fhir/ValueSet/2.16.840.1.113883.2.4.3.11.60.40.2.4.3.1--20171231000000,1.3.15,active,,HoudingVeranderenCodelijst,HoudingVeranderenCodelijst,"HoudingVeranderenCodelijst",,"SCT"
http://decor.nictiz.nl/fhir/ValueSet/2.16.840.1.113883.2.4.3.11.60.40.2.4.3.12--20171231000000,1.3.15,active,,TraplopenCodelijst,TraplopenCodelijst,"TraplopenCodelijst",,"SCT"
http://decor.nictiz.nl/fhir/ValueSet/2.16.840.1.113883.2.4.3.11.60.40.2.4.3.4--20171231000000,1.3.15,active,,HoudingHandhavenCodelijst,HoudingHandhavenCodelijst,"HoudingHandhavenCodelijst",,"SCT"
http://decor.nictiz.nl/fhir/ValueSet/2.16.840.1.113883.2.4.3.11.60.40.2.4.3.7--20171231000000,1.3.15,active,,UitvoerenTransferCodelijst,UitvoerenTransferCodelijst,"UitvoerenTransferCodelijst",,"SCT"
http://decor.nictiz.nl/fhir/ValueSet/2.16.840.1.113883.2.4.3.11.60.40.2.4.3.9--20171231000000,1.3.15,active,,LopenCodelijst,LopenCodelijst,"LopenCodelijst",,"SCT"
http://decor.nictiz.nl/fhir/ValueSet/2.16.840.1.113883.2.4.3.11.60.40.2.4.30.1--20171231000000,1.3.15,active,,SNAQ65_GewichtsverliesScoreCodelijst,SNAQ65+GewichtsverliesScoreCodelijst,"SNAQ65+GewichtsverliesScoreCodelijst",,"Other"
http://decor.nictiz.nl/fhir/ValueSet/2.16.840.1.113883.2.4.3.11.60.40.2.4.30.2--20171231000000,1.3.15,active,,SNAQ65_EetlustScoreCodelijst,SNAQ65+EetlustScoreCodelijst,"SNAQ65+EetlustScoreCodelijst",,"Other"
http://decor.nictiz.nl/fhir/ValueSet/2.16.840.1.113883.2.4.3.11.60.40.2.4.30.3--20171231000000,1.3.15,active,,SNAQ65_InspanningsScoreCodelijst,SNAQ65+InspanningsScoreCodelijst,"SNAQ65+InspanningsScoreCodelijst",,"Other"
http://decor.nictiz.nl/fhir/ValueSet/2.16.840.1.113883.2.4.3.11.60.40.2.4.30.4--20171231000000,1.3.15,active,,SNAQ65_BovenarmOmtrekScoreCodelijst,SNAQ65+BovenarmOmtrekScoreCodelijst,"SNAQ65+BovenarmOmtrekScoreCodelijst",,"Other"
http://decor.nictiz.nl/fhir/ValueSet/2.16.840.1.113883.2.4.3.11.60.40.2.4.31.1--20171231000000,1.3.15,active,,VoedingSoortCodelijst,VoedingSoortCodelijst,"VoedingSoortCodelijst",,"SCT"
http://decor.nictiz.nl/fhir/ValueSet/2.16.840.1.113883.2.4.3.11.60.40.2.4.31.2--20171231000000,1.3.15,active,,VoedingMethodeCodelijst,VoedingMethodeCodelijst,"VoedingMethodeCodelijst",,"SCT"
http://decor.nictiz.nl/fhir/ValueSet/2.16.840.1.113883.2.4.3.11.60.40.2.4.32.1--20171231000000,1.3.15,active,,ZindelijkheidUrineCodelijst,ZindelijkheidUrineCodelijst,"ZindelijkheidUrineCodelijst",,"SCT"
http://decor.nictiz.nl/fhir/ValueSet/2.16.840.1.113883.2.4.3.11.60.40.2.4.32.2--20171231000000,1.3.15,active,,ZindelijkheidFecesCodelijst,ZindelijkheidFecesCodelijst,"ZindelijkheidFecesCodelijst",,"SCT"
http://decor.nictiz.nl/fhir/ValueSet/2.16.840.1.113883.2.4.3.11.60.40.2.4.32.3--20171231000000,1.3.15,active,,OntwikkelingMotoriekCodelijst,OntwikkelingMotoriekCodelijst,"OntwikkelingMotoriekCodelijst",,"SCT"
http://decor.nictiz.nl/fhir/ValueSet/2.16.840.1.113883.2.4.3.11.60.40.2.4.32.4--20171231000000,1.3.15,active,,OntwikkelingSociaalCodelijst,OntwikkelingSociaalCodelijst,"OntwikkelingSociaalCodelijst",,"SCT"
http://decor.nictiz.nl/fhir/ValueSet/2.16.840.1.113883.2.4.3.11.60.40.2.4.32.5--20171231000000,1.3.15,active,,OntwikkelingTaalCodelijst,OntwikkelingTaalCodelijst,"OntwikkelingTaalCodelijst",,"SCT"
http://decor.nictiz.nl/fhir/ValueSet/2.16.840.1.113883.2.4.3.11.60.40.2.4.32.6--20171231000000,1.3.15,active,,OntwikkelingVerstandelijkCodelijst,OntwikkelingVerstandelijkCodelijst,"OntwikkelingVerstandelijkCodelijst",,"SCT"
http://decor.nictiz.nl/fhir/ValueSet/2.16.840.1.113883.2.4.3.11.60.40.2.4.33.1--20171231000000,1.3.15,active,,UiterlijkeVerzorgingCodelijst,UiterlijkeVerzorgingCodelijst,"UiterlijkeVerzorgingCodelijst",,"SCT"
http://decor.nictiz.nl/fhir/ValueSet/2.16.840.1.113883.2.4.3.11.60.40.2.4.34.1--20171231000000,1.3.15,active,,VerrichtenVPKHandelingCodelijst,VerrichtenVPKHandelingCodelijst,"VerrichtenVPKHandelingCodelijst",,"SCT"
http://decor.nictiz.nl/fhir/ValueSet/2.16.840.1.113883.2.4.3.11.60.40.2.4.35.1--20171231000000,1.3.15,active,,ZelfstandigMedicatiegebruikCodelijst,ZelfstandigMedicatiegebruikCodelijst,"ZelfstandigMedicatiegebruikCodelijst",,"SCT"
http://decor.nictiz.nl/fhir/ValueSet/2.16.840.1.113883.2.4.3.11.60.40.2.4.5.1--20171231000000,1.3.15,active,,BMIScoreCodelijst,BMIScoreCodelijst,"BMIScoreCodelijst",,"Other"
http://decor.nictiz.nl/fhir/ValueSet/2.16.840.1.113883.2.4.3.11.60.40.2.4.5.2--20171231000000,1.3.15,active,,MUSTGewichtsverliesScoreCodelijst,MUSTGewichtsverliesScoreCodelijst,"MUSTGewichtsverliesScoreCodelijst",,"Other"
http://decor.nictiz.nl/fhir/ValueSet/2.16.840.1.113883.2.4.3.11.60.40.2.4.5.3--20171231000000,1.3.15,active,,ZiekteScoreCodelijst,ZiekteScoreCodelijst,"ZiekteScoreCodelijst",,"Other"
http://decor.nictiz.nl/fhir/ValueSet/2.16.840.1.113883.2.4.3.11.60.40.2.4.6.1--20171231000000,1.3.15,active,,SNAQGewichtsverliesScoreCodelijst,SNAQGewichtsverliesScoreCodelijst,"SNAQGewichtsverliesScoreCodelijst",,"Other"
http://decor.nictiz.nl/fhir/ValueSet/2.16.840.1.113883.2.4.3.11.60.40.2.4.6.2--20171231000000,1.3.15,active,,EetlustScoreCodelijst,EetlustScoreCodelijst,"EetlustScoreCodelijst",,"Other"
http://decor.nictiz.nl/fhir/ValueSet/2.16.840.1.113883.2.4.3.11.60.40.2.4.6.3--20171231000000,1.3.15,active,,VoedingsScoreCodelijst,VoedingsScoreCodelijst,"VoedingsScoreCodelijst",,"Other"
http://decor.nictiz.nl/fhir/ValueSet/2.16.840.1.113883.2.4.3.11.60.40.2.4.7.1--20171231000000,1.3.15,active,,EtenCodelijst,EtenCodelijst,"EtenCodelijst",,"SCT"
http://decor.nictiz.nl/fhir/ValueSet/2.16.840.1.113883.2.4.3.11.60.40.2.4.7.2--20171231000000,1.3.15,active,,EetBeperkingenCodelijst,EetBeperkingenCodelijst,"EetBeperkingenCodelijst",,"SCT"
http://decor.nictiz.nl/fhir/ValueSet/2.16.840.1.113883.2.4.3.11.60.40.2.4.8.1--20171231000000,1.3.15,active,,DrinkenCodelijst,DrinkenCodelijst,"DrinkenCodelijst",,"SCT"
http://decor.nictiz.nl/fhir/ValueSet/2.16.840.1.113883.2.4.3.11.60.40.2.4.8.2--20171231000000,1.3.15,active,,DrinkBeperkingenCodelijst,DrinkBeperkingenCodelijst,"DrinkBeperkingenCodelijst",,"SCT"
http://decor.nictiz.nl/fhir/ValueSet/2.16.840.1.113883.2.4.3.11.60.40.2.5.1.1--20171231000000,1.3.15,active,,ProbleemTypeCodelijst,ProbleemTypeCodelijst,"ProbleemTypeCodelijst",,"SCT"
http://decor.nictiz.nl/fhir/ValueSet/2.16.840.1.113883.2.4.3.11.60.40.2.5.1.2--20171231000000,1.3.15,active,,ProbleemStatusCodelijst,ProbleemStatusCodelijst,"ProbleemStatusCodelijst",,"SCT"
http://decor.nictiz.nl/fhir/ValueSet/2.16.840.1.113883.2.4.3.11.60.40.2.5.1.3--20171231000000,1.3.15,active,,ProbleemNaamCodelijst,ProbleemNaamCodelijst,"SNOMED CT - Alle waarden binnen de SNOMED CT referentieset Diagnosethesaurus DHD (was: 2.16.840.1.113883.2.4.3.120.5.1)ICD-10 - Alle waardenSNOMED CT - Alle waarden binnen de SNOMED CT referentieset Nationale Kernset PatiÃ«ntproblemen V&VN (was: 2.16.840.1.113883.2.4.3.11.26.4)NANDA-I - Alle waardenOmaha Systems - Alle waardenICF - Alle waardenICPC-1 NL - Alle waardenG-Standaard Contra Indicaties (Tabel 40) - Alle waardenDSM-IV - Alle waardenDSM-V - Alle waarden",,"hl7.terminology.r3,SCT,FHIR,Other"
http://decor.nictiz.nl/fhir/ValueSet/2.16.840.1.113883.2.4.3.11.60.40.2.5.1.4--20171231000000,1.3.15,active,,VerificatieStatusCodelijst,VerificatieStatusCodelijst,"VerificatieStatusCodelijst",,"SCT,hl7.fhir.r3.core"
http://decor.nictiz.nl/fhir/ValueSet/2.16.840.1.113883.2.4.3.11.60.40.2.5.1.5--20171231000000,1.3.15,active,,ProbleemAnatomischeLocatieCodelijst,ProbleemAnatomischeLocatieCodelijst,"SNOMED CT - SNOMED CT: < 442083009 |Anatomical or acquired body structure|",,"SCT"
http://decor.nictiz.nl/fhir/ValueSet/2.16.840.1.113883.2.4.3.11.60.40.2.5.1.6--20171231000000,1.3.15,active,,ProbleemLateraliteitCodelijst,ProbleemLateraliteitCodelijst,"ProbleemLateraliteitCodelijst",,"SCT"
http://decor.nictiz.nl/fhir/ValueSet/2.16.840.1.113883.2.4.3.11.60.40.2.5.2.1--20171231000000,1.3.15,active,,StomaTypeCodelijst,StomaTypeCodelijst,"StomaTypeCodelijst",,"SCT,hl7.fhir.r3.core"
http://decor.nictiz.nl/fhir/ValueSet/2.16.840.1.113883.2.4.3.11.60.40.2.5.2.2--20171231000000,1.3.15,active,,StomaAnatomischeLocatieCodelijst,StomaAnatomischeLocatieCodelijst,"SNOMED CT - SNOMED CT: < 442083009 |Anatomical or acquired body structure|",,"SCT"
http://decor.nictiz.nl/fhir/ValueSet/2.16.840.1.113883.2.4.3.11.60.40.2.5.2.3--20171231000000,1.3.15,active,,StomaLateraliteitCodelijst,StomaLateraliteitCodelijst,"StomaLateraliteitCodelijst",,"SCT"
http://decor.nictiz.nl/fhir/ValueSet/2.16.840.1.113883.2.4.3.11.60.40.2.7.13.1--20171231000000,1.3.15,active,,GezinssamenstellingCodelijst,GezinssamenstellingCodelijst,"GezinssamenstellingCodelijst",,"SCT,hl7.fhir.r3.core"
http://decor.nictiz.nl/fhir/ValueSet/2.16.840.1.113883.2.4.3.11.60.40.2.7.15.1--20171231000000,1.3.15,active,,WilsverklaringTypeCodelijst,WilsverklaringTypeCodelijst,"WilsverklaringTypeCodelijst",,"hl7.fhir.r3.core,Other"
http://decor.nictiz.nl/fhir/ValueSet/2.16.840.1.113883.2.4.3.11.60.40.2.7.16.1--20171231000000,1.3.15,active,,GezinssamenstellingKindCodelijst,GezinssamenstellingKindCodelijst,"GezinssamenstellingKindCodelijst",,"SCT,hl7.fhir.r3.core"
http://decor.nictiz.nl/fhir/ValueSet/2.16.840.1.113883.2.4.3.11.60.40.2.7.2.2--20171231000000,1.3.15,active,,TabakGebruikStatusCodelijst,TabakGebruikStatusCodelijst,"TabakGebruikStatusCodelijst",,"SCT,hl7.fhir.r3.core"
http://decor.nictiz.nl/fhir/ValueSet/2.16.840.1.113883.2.4.3.11.60.40.2.7.2.3--20171231000000,1.3.15,active,,SoortTabakGebruikCodelijst,SoortTabakGebruikCodelijst,"SoortTabakGebruikCodelijst",,"SCT,hl7.fhir.r3.core"
http://decor.nictiz.nl/fhir/ValueSet/2.16.840.1.113883.2.4.3.11.60.40.2.7.3.2--20171231000000,1.3.15,active,,AlcoholGebruikStatusCodelijst,AlcoholGebruikStatusCodelijst,"AlcoholGebruikStatusCodelijst",,"SCT,hl7.fhir.r3.core"
http://decor.nictiz.nl/fhir/ValueSet/2.16.840.1.113883.2.4.3.11.60.40.2.7.4.1--20171231000000,1.3.15,active,,DrugsOfGeneesmiddelSoortCodelijst,DrugsOfGeneesmiddelSoortCodelijst,"DrugsOfGeneesmiddelSoortCodelijst",,"SCT,hl7.fhir.r3.core"
http://decor.nictiz.nl/fhir/ValueSet/2.16.840.1.113883.2.4.3.11.60.40.2.7.4.2--20171231000000,1.3.15,active,,DrugsGebruikStatusCodelijst,DrugsGebruikStatusCodelijst,"DrugsGebruikStatusCodelijst",,"SCT,hl7.fhir.r3.core"
http://decor.nictiz.nl/fhir/ValueSet/2.16.840.1.113883.2.4.3.11.60.40.2.7.4.3--20171231000000,1.3.15,active,,ToedieningswegCodelijst,ToedieningswegCodelijst,"ToedieningswegCodelijst",,"hl7.fhir.r3.core,Other"
http://decor.nictiz.nl/fhir/ValueSet/2.16.840.1.113883.2.4.3.11.60.40.2.7.5.1--20171231000000,1.3.15,active,,LevensovertuigingCodelijst,LevensovertuigingCodelijst,"LevensovertuigingCodelijst",,"SCT,hl7.fhir.r3.core,Other"
http://decor.nictiz.nl/fhir/ValueSet/2.16.840.1.113883.2.4.3.11.60.40.2.7.6.3--20171231000000,1.3.15,active,,NationaliteitCodelijst,NationaliteitCodelijst,"GBA Tabel 32 (Nationaliteitentabel) - Alle waarden",,"Other"
http://decor.nictiz.nl/fhir/ValueSet/2.16.840.1.113883.2.4.3.11.60.40.2.7.8.1--20171231000000,1.3.15,active,,WoningTypeCodelijst,WoningTypeCodelijst,"WoningTypeCodelijst",,"hl7.fhir.r3.core,Other"
http://decor.nictiz.nl/fhir/ValueSet/2.16.840.1.113883.2.4.3.11.60.40.2.7.9.1--20171231000000,1.3.15,active,,BurgerlijkeStaatCodelijst,BurgerlijkeStaatCodelijst,"BurgerlijkeStaatCodelijst",,"hl7.fhir.r3.core"
http://decor.nictiz.nl/fhir/ValueSet/2.16.840.1.113883.2.4.3.11.60.40.2.8.2.10--20171231000000,1.3.15,active,,SpecifiekeStofSNKCodelijst,SpecifiekeStofSNKCodelijst,"G-standaard Stofnaamcode (SNK) - Alle waarden",,"Other"
http://decor.nictiz.nl/fhir/ValueSet/2.16.840.1.113883.2.4.3.11.60.40.2.8.2.11--20171231000000,1.3.15,active,,SpecifiekeStofThesaurus122Codelijst,SpecifiekeStofThesaurus122Codelijst,"G-standaard Ongewenste medicatiegroepen - Alle waarden",,"Other"
http://decor.nictiz.nl/fhir/ValueSet/2.16.840.1.113883.2.4.3.11.60.40.2.8.2.12--20171231000000,1.3.15,active,,WijzeVanBlootstellingCodelijst,WijzeVanBlootstellingCodelijst,"SNOMED CT - SNOMED CT: <284009009 | route of administration value|",,"SCT"
http://decor.nictiz.nl/fhir/ValueSet/2.16.840.1.113883.2.4.3.11.60.40.2.8.2.13--20171231000000,1.3.15,active,,VeroorzakendeStofSSKCodelijst,VeroorzakendeStofSSKCodelijst,"G-standaard Stofnaamcode i.c.m. toedieningsweg (SSK) - Alle waarden",,"Other"
http://decor.nictiz.nl/fhir/ValueSet/2.16.840.1.113883.2.4.3.11.60.40.2.8.2.14--20171231000000,1.3.15,active,,VeroorzakendeStofSNKCodelijst,VeroorzakendeStofSNKCodelijst,"G-standaard Stofnaamcode (SNK) - Alle waarden",,"Other"
http://decor.nictiz.nl/fhir/ValueSet/2.16.840.1.113883.2.4.3.11.60.40.2.8.2.15--20171231000000,1.3.15,active,,VeroorzakendeStofThesaurus122Codelijst,VeroorzakendeStofThesaurus122Codelijst,"G-standaard Ongewenste medicatiegroepen - Alle waarden",,"Other"
http://decor.nictiz.nl/fhir/ValueSet/2.16.840.1.113883.2.4.3.11.60.40.2.8.2.16--20171231000000,1.3.15,active,,SpecifiekeStofAllergeneStoffenCodelijst,SpecifiekeStofAllergeneStoffenCodelijst,"SNOMED CT - SNOMED CT: ^42931000146101| Dutch non-drug allergen simple reference set (foundation metadata concept)",,"SCT"
http://decor.nictiz.nl/fhir/ValueSet/2.16.840.1.113883.2.4.3.11.60.40.2.8.2.17--20171231000000,1.3.15,active,,VeroorzakendeStofAllergeneStoffenCodelijst,VeroorzakendeStofAllergeneStoffenCodelijst,"SNOMED CT - Alle waarden",,"SCT"
http://decor.nictiz.nl/fhir/ValueSet/2.16.840.1.113883.2.4.3.11.60.40.2.8.2.18--20171231000000,1.3.15,active,,SpecifiekeStofHPKCodelijst,SpecifiekeStofHPKCodelijst,"G-Standaard Handels Product Kode (HPK) - Alle waarden",,"Other"
http://decor.nictiz.nl/fhir/ValueSet/2.16.840.1.113883.2.4.3.11.60.40.2.8.2.19--20171231000000,1.3.15,active,,VeroorzakendeStofHPKCodelijst,VeroorzakendeStofHPKCodelijst,"G-Standaard Handels Product Kode (HPK) - Alle waarden",,"Other"
http://decor.nictiz.nl/fhir/ValueSet/2.16.840.1.113883.2.4.3.11.60.40.2.8.2.2--20171231000000,1.3.15,active,,AllergieCategorieCodelijst,AllergieCategorieCodelijst,"AllergieCategorieCodelijst",,"SCT,hl7.fhir.r3.core"
http://decor.nictiz.nl/fhir/ValueSet/2.16.840.1.113883.2.4.3.11.60.40.2.8.2.3--20171231000000,1.3.15,active,,AllergieStatusCodelijst,AllergieStatusCodelijst,"AllergieStatusCodelijst",,"hl7.fhir.r3.core"
http://decor.nictiz.nl/fhir/ValueSet/2.16.840.1.113883.2.4.3.11.60.40.2.8.2.4--20171231000000,1.3.15,active,,MateVanKritiekZijnCodelijst,MateVanKritiekZijnCodelijst,"MateVanKritiekZijnCodelijst",,"SCT"
http://decor.nictiz.nl/fhir/ValueSet/2.16.840.1.113883.2.4.3.11.60.40.2.8.2.5--20171231000000,1.3.15,active,,SymptoomCodelijst,SymptoomCodelijst,"SymptoomCodelijst",,"SCT,hl7.fhir.r3.core"
http://decor.nictiz.nl/fhir/ValueSet/2.16.840.1.113883.2.4.3.11.60.40.2.8.2.6--20171231000000,1.3.15,active,,ErnstCodelijst,ErnstCodelijst,"ErnstCodelijst",,"SCT"
http://decor.nictiz.nl/fhir/ValueSet/2.16.840.1.113883.2.4.3.11.60.40.2.8.2.9--20171231000000,1.3.15,active,,SpecifiekeStofSSKCodelijst,SpecifiekeStofSSKCodelijst,"G-standaard Stofnaamcode i.c.m. toedieningsweg (SSK) - Alle waarden",,"Other"
http://decor.nictiz.nl/fhir/ValueSet/2.16.840.1.113883.2.4.3.11.60.40.2.8.3.1--20171231000000,1.3.15,active,,AlertTypeCodelijst,AlertTypeCodelijst,"AlertTypeCodelijst",,"LOINC"
http://decor.nictiz.nl/fhir/ValueSet/2.16.840.1.113883.2.4.3.11.60.40.2.8.3.2--20171231000000,1.3.15,active,,AlertNaamCodelijst,AlertNaamCodelijst,"AlertNaamCodelijst",,"SCT,hl7.fhir.r3.core"
http://decor.nictiz.nl/fhir/ValueSet/2.16.840.1.113883.2.4.3.11.60.40.2.9.10.1--20171231000000,1.3.15,active,,AanvullendeWensenCodelijst,AanvullendeWensenCodelijst,"AanvullendeWensenCodelijst",,"Other"
http://decor.nictiz.nl/fhir/ValueSet/2.16.840.1.113883.2.4.3.11.60.40.2.9.11.1--20171231000000,1.3.15,active,,MedicatiegebruikStopTypeCodelijst,MedicatiegebruikStopTypeCodelijst,"MedicatiegebruikStopTypeCodelijst",,"Other"
http://decor.nictiz.nl/fhir/ValueSet/2.16.840.1.113883.2.4.3.11.60.40.2.9.11.2--20171231000000,1.3.15,active,,RedenWijzigenOfStoppenGebruikCodelijst,RedenWijzigenOfStoppenGebruikCodelijst,"RedenWijzigenOfStoppenGebruikCodelijst",,"SCT,hl7.fhir.r3.core,Other"
http://decor.nictiz.nl/fhir/ValueSet/2.16.840.1.113883.2.4.3.11.60.40.2.9.12.1--20171231000000,1.3.15,active,,MedicatieToedieningswegCodelijst,MedicatieToedieningswegCodelijst,"G-Standaard Toedieningswegen - Alle waarden",,"Other"
http://decor.nictiz.nl/fhir/ValueSet/2.16.840.1.113883.2.4.3.11.60.40.2.9.12.2--20171231000000,1.3.15,active,,WeekdagCodelijst,WeekdagCodelijst,"WeekdagCodelijst",,"SCT"
http://decor.nictiz.nl/fhir/ValueSet/2.16.840.1.113883.2.4.3.11.60.40.2.9.12.3--20171231000000,1.3.15,active,,DagdeelCodelijst,DagdeelCodelijst,"DagdeelCodelijst",,"SCT"
http://decor.nictiz.nl/fhir/ValueSet/2.16.840.1.113883.2.4.3.11.60.40.2.9.12.4--20171231000000,1.3.15,active,,ZonodigCriteriumCodelijst,ZonodigCriteriumCodelijst,"ZonodigCriteriumCodelijst",,"hl7.fhir.r3.core,Other"
http://decor.nictiz.nl/fhir/ValueSet/2.16.840.1.113883.2.4.3.11.60.40.2.9.13.2--20171231000000,1.3.15,active,,MedicatieToedieningToedieningswegCodelijst,MedicatieToedieningToedieningswegCodelijst,"G-Standaard Toedieningswegen - Alle waarden",,"Other"
http://decor.nictiz.nl/fhir/ValueSet/2.16.840.1.113883.2.4.3.11.60.40.2.9.13.3--20171231000000,1.3.15,active,,MedicatieToedieningRedenVanAfwijkenCodelijst,MedicatieToedieningRedenVanAfwijkenCodelijst,"MedicatieToedieningRedenVanAfwijkenCodelijst",,"hl7.fhir.r3.core,Other"
http://decor.nictiz.nl/fhir/ValueSet/2.16.840.1.113883.2.4.3.11.60.40.2.9.6.2--20171231000000,1.3.15,active,,RedenMedicatieafspraakCodelijst,RedenMedicatieafspraakCodelijst,"RedenMedicatieafspraakCodelijst",,"SCT,hl7.fhir.r3.core,Other"
http://decor.nictiz.nl/fhir/ValueSet/2.16.840.1.113883.2.4.3.11.60.40.2.9.6.3--20171231000000,1.3.15,active,,MedicatieafspraakAanvullendeInformatieCodelijst,MedicatieafspraakAanvullendeInformatieCodelijst,"MedicatieafspraakAanvullendeInformatieCodelijst",,"Other"
http://decor.nictiz.nl/fhir/ValueSet/2.16.840.1.113883.2.4.3.11.60.40.2.9.7.1--20171231000000,1.3.15,active,,ProductCodeZICodelijst,ProductCodeZICodelijst,"G-Standaard Artikelen (ook KNMP-nummer, ATKODE) - Alle waarden",,"Other"
http://decor.nictiz.nl/fhir/ValueSet/2.16.840.1.113883.2.4.3.11.60.40.2.9.7.10--20171231000000,1.3.15,active,,IngredientCodeHPKCodelijst,IngredientCodeHPKCodelijst,"G-Standaard Handels Product Kode (HPK) - Alle waarden",,"Other"
http://decor.nictiz.nl/fhir/ValueSet/2.16.840.1.113883.2.4.3.11.60.40.2.9.7.11--20171231000000,1.3.15,active,,IngredientCodePRKCodelijst,IngredientCodePRKCodelijst,"G-Standaard Voorschrijfproducten (PRK) - Alle waarden",,"Other"
http://decor.nictiz.nl/fhir/ValueSet/2.16.840.1.113883.2.4.3.11.60.40.2.9.7.12--20171231000000,1.3.15,active,,IngredientCodeZICodelijst,IngredientCodeZICodelijst,"G-Standaard Artikelen (ook KNMP-nummer, ATKODE) - Alle waarden",,"Other"
http://decor.nictiz.nl/fhir/ValueSet/2.16.840.1.113883.2.4.3.11.60.40.2.9.7.13--20171231000000,1.3.15,active,,IngredientCodeATCCodelijst,IngredientCodeATCCodelijst,"Anatomic Therapeutic Classification (ATC) - Alle waarden",,"hl7.terminology.r3"
http://decor.nictiz.nl/fhir/ValueSet/2.16.840.1.113883.2.4.3.11.60.40.2.9.7.14--20171231000000,1.3.15,active,,IngredientCodeSNKCodelijst,IngredientCodeSNKCodelijst,"G-standaard Stofnaamcode (SNK) - Alle waarden",,"Other"
http://decor.nictiz.nl/fhir/ValueSet/2.16.840.1.113883.2.4.3.11.60.40.2.9.7.15--20171231000000,1.3.15,active,,IngredientCodeSSKCodelijst,IngredientCodeSSKCodelijst,"G-standaard Stofnaamcode i.c.m. toedieningsweg (SSK) - Alle waarden",,"Other"
http://decor.nictiz.nl/fhir/ValueSet/2.16.840.1.113883.2.4.3.11.60.40.2.9.7.16--20171231000000,1.3.15,active,,IngredientCodeGTINCodelijst,IngredientCodeGTINCodelijst,"Global Trade Item Number (GTIN) - Alle waarden",,"Other"
http://decor.nictiz.nl/fhir/ValueSet/2.16.840.1.113883.2.4.3.11.60.40.2.9.7.2--20171231000000,1.3.15,active,,ProductCodeGTINCodelijst,ProductCodeGTINCodelijst,"Global Trade Item Number (GTIN) - Alle waarden",,"Other"
http://decor.nictiz.nl/fhir/ValueSet/2.16.840.1.113883.2.4.3.11.60.40.2.9.7.3--20171231000000,1.3.15,active,,ProductCodePRKCodelijst,ProductCodePRKCodelijst,"G-Standaard Voorschrijfproducten (PRK) - Alle waarden",,"Other"
http://decor.nictiz.nl/fhir/ValueSet/2.16.840.1.113883.2.4.3.11.60.40.2.9.7.5--20171231000000,1.3.15,active,,ProductCodeHPKCodelijst,ProductCodeHPKCodelijst,"G-Standaard Handels Product Kode (HPK) - Alle waarden",,"Other"
http://decor.nictiz.nl/fhir/ValueSet/2.16.840.1.113883.2.4.3.11.60.40.2.9.7.6--20171231000000,1.3.15,active,,ProductCodeGPKCodelijst,ProductCodeGPKCodelijst,"G-Standaard Generieke Product Kode (GPK) - Alle waarden",,"Other"
http://decor.nictiz.nl/fhir/ValueSet/2.16.840.1.113883.2.4.3.11.60.40.2.9.7.7--20171231000000,1.3.15,active,,ProductCodeATCCodelijst,ProductCodeATCCodelijst,"Anatomic Therapeutic Classification (ATC) - Alle waarden",,"hl7.terminology.r3"
http://decor.nictiz.nl/fhir/ValueSet/2.16.840.1.113883.2.4.3.11.60.40.2.9.7.8--20171231000000,1.3.15,active,,FarmaceutischeVormCodelijst,FarmaceutischeVormCodelijst,"G-Standaard Farmaceutische vormen - Alle waarden",,"Other"
http://decor.nictiz.nl/fhir/ValueSet/2.16.840.1.113883.2.4.3.11.60.40.2.9.7.9--20171231000000,1.3.15,active,,IngredientCodeGPKCodelijst,IngredientCodeGPKCodelijst,"G-Standaard Generieke Product Kode (GPK) - Alle waarden",,"Other"
http://decor.nictiz.nl/fhir/ValueSet/2.16.840.1.113883.2.4.3.11.60.40.2.9.8.2--20171231000000,1.3.15,active,,ToedieningsafspraakAanvullendeInformatieCodelijst,ToedieningsafspraakAanvullendeInformatieCodelijst,"ToedieningsafspraakAanvullendeInformatieCodelijst",,"Other"
http://decor.nictiz.nl/fhir/ValueSet/2.16.840.1.113883.2.4.3.11.60.40.2.9.9.1--20171231000000,1.3.15,active,,MedicatieverstrekkingDistributievormCodelijst,MedicatieverstrekkingDistributievormCodelijst,"MedicatieverstrekkingDistributievormCodelijst",,"Other"
http://decor.nictiz.nl/fhir/ValueSet/2.16.840.1.113883.2.4.3.11.60.40.2.9.9.2--20171231000000,1.3.15,active,,MedicatieverstrekkingAanvullendeInformatieCodelijst,MedicatieverstrekkingAanvullendeInformatieCodelijst,"MedicatieverstrekkingAanvullendeInformatieCodelijst",,"Other"
http://decor.nictiz.nl/fhir/ValueSet/2.16.840.1.113883.2.4.3.11.60.53.11.1--20190813000000,1.3.15,active,,GlucoseMeetmomentenLOINCCodelijst,GlucoseMeetmomentenLOINCCodelijst,"GlucoseMeetmomentenLOINCCodelijst",,"LOINC"
http://decor.nictiz.nl/fhir/ValueSet/2.16.840.1.113883.2.4.3.11.60.53.11.2--20190813000000,1.3.15,active,,GlucoseMeetmomentenNhgtable45Codelijst,GlucoseMeetmomentenNhgtable45Codelijst,"GlucoseMeetmomentenNhgtable45Codelijst",,"Other"
http://decor.nictiz.nl/fhir/ValueSet/2.16.840.1.113883.2.4.3.11.60.7.11.2--20171231000000,1.3.15,active,,ZwangerschapsduurEenheidCodelijst,ZwangerschapsduurEenheidCodelijst,"The pregnancy duration can be entered in days (d) or weeks (wk).",,"Other"
http://ihe.net/fhir/ValueSet/IHE.formatcode.vs,1.3.15,active,"1.3.6.1.4.1.19376.1.2.7.1",IHE.FormatCode.vs,IHE ValueSet of Format Codes for use with Document Sharing,"Important: this valueset has been copied from IHE. It is published by Nictiz through the IHE domain as to guarantee continuity and availability of this profile. The IHE FormatCode Value set is defined to be the set of FormatCode(s) defined by IHE http://wiki.ihe.net/index.php?title=IHE_Format_Codes. This Value set additionally includes format codes defined by the HL7 CDA http://wiki.hl7.org/index.php?title=CDA_Format_Codes_for_IHE_XDS. The set was listed in HITSP C80 Table 2-153 Format Code Value Set Definition. The use of the FormatCode specifies the technical format of the document. The FormatCode is a further specialization more detailed than the mime-type. The FormatCode provides sufficient information to allow any potential document consumer to know if it can process and/or display by identifying a document encoding, structure and template. The actual list of codes is intended to be extensible. ",,"Other"
